interface,received-bytes,received-packets,received-errs,received-drop,received-fifo,received-frame,received-compressed,received-multicast,sent-bytes,sent-packets,sent-errs,sent-drop,sent-fifo,sent-colls,sent-carrier,sent-compressed,device,app,app_details,is_record,is_wireless,repetition
p2p-wlan0-0,2817432,54010,0,0,0,0,0,25,169191956,112446,0,54,0,0,0,0,clumsy-dropchance-0.01,Quest-Pro,BeatSaber,False,False,PopStars-Medium
wlan0,5395339019,3932344,0,0,0,0,0,1353,248450863,740091,0,235,0,0,0,0,clumsy-dropchance-0.01,Quest-Pro,BeatSaber,False,False,PopStars-Medium
p2p-wlan0-0,2817432,54010,0,0,0,0,0,25,169191956,112446,0,54,0,0,0,0,clumsy-dropchance-0.01,Quest-Pro,BeatSaber,False,False,PopStars-Medium
wlan0,5401063099,3938424,0,0,0,0,0,1353,250295390,744368,0,235,0,0,0,0,clumsy-dropchance-0.01,Quest-Pro,BeatSaber,False,False,PopStars-Medium
p2p-wlan0-0,2817432,54010,0,0,0,0,0,25,169191956,112446,0,54,0,0,0,0,clumsy-dropchance-0.01,Quest-Pro,BeatSaber,False,False,PopStars-Medium
wlan0,5409373636,3947782,0,0,0,0,0,1374,253292724,751496,0,237,0,0,0,0,clumsy-dropchance-0.01,Quest-Pro,BeatSaber,False,False,PopStars-Medium
p2p-wlan0-0,2817432,54010,0,0,0,0,0,25,169191956,112446,0,54,0,0,0,0,clumsy-dropchance-0.01,Quest-Pro,BeatSaber,False,False,PopStars-Medium
wlan0,5414040992,3952937,0,0,0,0,0,1385,254678109,754986,0,237,0,0,0,0,clumsy-dropchance-0.01,Quest-Pro,BeatSaber,False,False,PopStars-Medium
p2p-wlan0-0,2894756,55497,0,0,0,0,0,25,173703881,115428,0,54,0,0,0,0,clumsy-dropchance-0.01,Quest-Pro,BeatSaber,False,False,PopStars-Medium
wlan0,5423313251,3962744,0,0,0,0,0,1404,257456060,761819,0,240,0,0,0,0,clumsy-dropchance-0.01,Quest-Pro,BeatSaber,False,False,PopStars-Medium
p2p-wlan0-0,2894756,55497,0,0,0,0,0,25,173703881,115428,0,54,0,0,0,0,clumsy-dropchance-0.01,Quest-Pro,BeatSaber,False,False,PopStars-Medium
wlan0,5425701202,3965415,0,0,0,0,0,1404,258176974,763710,0,240,0,0,0,0,clumsy-dropchance-0.01,Quest-Pro,BeatSaber,False,False,PopStars-Medium
p2p-wlan0-0,2894840,55499,0,0,0,0,0,26,173703993,115430,0,54,0,0,0,0,clumsy-dropchance-0.01,Quest-Pro,BeatSaber,False,False,PopStars-Medium
wlan0,5431125529,3971206,0,0,0,0,0,1405,259778258,767795,0,241,0,0,0,0,clumsy-dropchance-0.01,Quest-Pro,BeatSaber,False,False,PopStars-Medium
p2p-wlan0-0,3383027,57284,0,0,0,0,0,26,178220257,118573,0,58,0,0,0,0,clumsy-dropchance-0.01,Quest-Pro,BeatSaber,False,False,PopStars-Medium
wlan0,5437195451,3977736,0,0,0,0,0,1419,262173288,772803,0,246,0,0,0,0,clumsy-dropchance-0.01,Quest-Pro,BeatSaber,False,False,PopStars-Medium
p2p-wlan0-0,3458947,58744,0,0,0,0,0,26,182712343,121541,0,58,0,0,0,0,clumsy-dropchance-0.01,Quest-Pro,BeatSaber,False,False,PopStars-Medium
wlan0,5442225608,3983023,0,0,0,0,0,1451,263688679,776498,0,246,0,0,0,0,clumsy-dropchance-0.01,Quest-Pro,BeatSaber,False,False,PopStars-Medium
p2p-wlan0-0,3458947,58744,0,0,0,0,0,26,182712343,121541,0,58,0,0,0,0,clumsy-dropchance-0.01,Quest-Pro,BeatSaber,False,False,PopStars-Medium
wlan0,5444554759,3988379,0,0,0,0,0,1467,265606393,781548,0,247,0,0,0,0,clumsy-dropchance-0.01,Quest-Pro,BeatSaber,False,False,PopStars-Medium
p2p-wlan0-0,3458947,58744,0,0,0,0,0,26,182712343,121541,0,58,0,0,0,0,clumsy-dropchance-0.01,Quest-Pro,BeatSaber,False,False,PopStars-Medium
wlan0,5445879918,3990654,0,0,0,0,0,1467,266330601,783497,0,247,0,0,0,0,clumsy-dropchance-0.01,Quest-Pro,BeatSaber,False,False,PopStars-Medium
p2p-wlan0-0,3458947,58744,0,0,0,0,0,26,182712343,121541,0,58,0,0,0,0,clumsy-dropchance-0.01,Quest-Pro,BeatSaber,False,False,PopStars-Medium
wlan0,5447680199,3993306,0,0,0,0,0,1470,267198673,785791,0,247,0,0,0,0,clumsy-dropchance-0.01,Quest-Pro,BeatSaber,False,False,PopStars-Medium
p2p-wlan0-0,3458947,58744,0,0,0,0,0,26,182712343,121541,0,58,0,0,0,0,clumsy-dropchance-0.01,Quest-Pro,BeatSaber,False,False,PopStars-Medium
wlan0,5453099779,4000518,0,0,0,0,0,1491,269349701,791410,0,249,0,0,0,0,clumsy-dropchance-0.01,Quest-Pro,BeatSaber,False,False,PopStars-Medium
p2p-wlan0-0,3458947,58744,0,0,0,0,0,26,182712343,121541,0,58,0,0,0,0,clumsy-dropchance-0.01,Quest-Pro,BeatSaber,False,False,PopStars-Medium
wlan0,5454636704,4002907,0,0,0,0,0,1495,270079615,793296,0,249,0,0,0,0,clumsy-dropchance-0.01,Quest-Pro,BeatSaber,False,False,PopStars-Medium
p2p-wlan0-0,3458947,58744,0,0,0,0,0,26,182712343,121541,0,58,0,0,0,0,clumsy-dropchance-0.01,Quest-Pro,BeatSaber,False,False,PopStars-Medium
wlan0,5455730184,4005300,0,0,0,0,0,1495,270826648,795295,0,249,0,0,0,0,clumsy-dropchance-0.01,Quest-Pro,BeatSaber,False,False,PopStars-Medium
p2p-wlan0-0,3538507,60274,0,0,0,0,0,26,187366334,124616,0,58,0,0,0,0,clumsy-dropchance-0.01,Quest-Pro,BeatSaber,False,False,PopStars-Medium
wlan0,5464356914,4015764,0,0,0,0,0,1509,273759145,802741,0,251,0,0,0,0,clumsy-dropchance-0.01,Quest-Pro,BeatSaber,False,False,PopStars-Medium
p2p-wlan0-0,3538507,60274,0,0,0,0,0,26,187366334,124616,0,58,0,0,0,0,clumsy-dropchance-0.01,Quest-Pro,BeatSaber,False,False,PopStars-Medium
wlan0,5466306228,4018058,0,0,0,0,0,1519,274464975,804349,0,251,0,0,0,0,clumsy-dropchance-0.01,Quest-Pro,BeatSaber,False,False,PopStars-Medium
p2p-wlan0-0,3538535,60275,0,0,0,0,0,26,187366376,124617,0,58,0,0,0,0,clumsy-dropchance-0.01,Quest-Pro,BeatSaber,False,False,PopStars-Medium
wlan0,5472842477,4026311,0,0,0,0,0,1531,276661192,810348,0,251,0,0,0,0,clumsy-dropchance-0.01,Quest-Pro,BeatSaber,False,False,PopStars-Medium
p2p-wlan0-0,3538535,60275,0,0,0,0,0,26,187366376,124617,0,58,0,0,0,0,clumsy-dropchance-0.01,Quest-Pro,BeatSaber,False,False,PopStars-Medium
wlan0,5477731335,4032530,0,0,0,0,0,1540,278360959,814901,0,252,0,0,0,0,clumsy-dropchance-0.01,Quest-Pro,BeatSaber,False,False,PopStars-Medium
p2p-wlan0-0,3548883,60474,0,0,0,0,0,26,187988725,125029,0,58,0,0,0,0,clumsy-dropchance-0.01,Quest-Pro,BeatSaber,False,False,PopStars-Medium
wlan0,5481424882,4036990,0,0,0,0,0,1552,279600579,818209,0,253,0,0,0,0,clumsy-dropchance-0.01,Quest-Pro,BeatSaber,False,False,PopStars-Medium
p2p-wlan0-0,3618303,61809,0,0,0,0,0,26,192008678,127685,0,59,0,0,0,0,clumsy-dropchance-0.01,Quest-Pro,BeatSaber,False,False,PopStars-Medium
wlan0,5482559598,4039325,0,0,0,0,0,1553,280337457,820179,0,254,0,0,0,0,clumsy-dropchance-0.01,Quest-Pro,BeatSaber,False,False,PopStars-Medium
p2p-wlan0-0,3618303,61809,0,0,0,0,0,26,192008678,127685,0,59,0,0,0,0,clumsy-dropchance-0.01,Quest-Pro,BeatSaber,False,False,PopStars-Medium
wlan0,5487471850,4045256,0,0,0,0,0,1554,282030016,824605,0,255,0,0,0,0,clumsy-dropchance-0.01,Quest-Pro,BeatSaber,False,False,PopStars-Medium
p2p-wlan0-0,3618331,61810,0,0,0,0,0,26,192008720,127686,0,59,0,0,0,0,clumsy-dropchance-0.01,Quest-Pro,BeatSaber,False,False,PopStars-Medium
wlan0,5490993893,4049467,0,0,0,0,0,1556,283267315,827856,0,255,0,0,0,0,clumsy-dropchance-0.01,Quest-Pro,BeatSaber,False,False,PopStars-Medium
p2p-wlan0-0,3618331,61810,0,0,0,0,0,26,192008720,127686,0,59,0,0,0,0,clumsy-dropchance-0.01,Quest-Pro,BeatSaber,False,False,PopStars-Medium
wlan0,5495608996,4055725,0,0,0,0,0,1567,284995230,832615,0,257,0,0,0,0,clumsy-dropchance-0.01,Quest-Pro,BeatSaber,False,False,PopStars-Medium
p2p-wlan0-0,3618331,61810,0,0,0,0,0,26,192008720,127686,0,59,0,0,0,0,clumsy-dropchance-0.01,Quest-Pro,BeatSaber,False,False,PopStars-Medium
wlan0,5498313649,4059244,0,0,0,0,0,1579,285952598,835245,0,260,0,0,0,0,clumsy-dropchance-0.01,Quest-Pro,BeatSaber,False,False,PopStars-Medium
p2p-wlan0-0,3618331,61810,0,0,0,0,0,26,192008720,127686,0,59,0,0,0,0,clumsy-dropchance-0.01,Quest-Pro,BeatSaber,False,False,PopStars-Medium
wlan0,5506668044,4069195,0,0,0,0,0,1590,288636745,842021,0,262,0,0,0,0,clumsy-dropchance-0.01,Quest-Pro,BeatSaber,False,False,PopStars-Medium
p2p-wlan0-0,3618331,61810,0,0,0,0,0,26,192008720,127686,0,59,0,0,0,0,clumsy-dropchance-0.01,Quest-Pro,BeatSaber,False,False,PopStars-Medium
wlan0,5510292031,4073723,0,0,0,0,0,1601,289870254,845169,0,263,0,0,0,0,clumsy-dropchance-0.01,Quest-Pro,BeatSaber,False,False,PopStars-Medium
p2p-wlan0-0,3618331,61810,0,0,0,0,0,26,192008720,127686,0,59,0,0,0,0,clumsy-dropchance-0.01,Quest-Pro,BeatSaber,False,False,PopStars-Medium
wlan0,5512326976,4076236,0,0,0,0,0,1602,290596281,847063,0,263,0,0,0,0,clumsy-dropchance-0.01,Quest-Pro,BeatSaber,False,False,PopStars-Medium
p2p-wlan0-0,3618331,61810,0,0,0,0,0,26,192008720,127686,0,59,0,0,0,0,clumsy-dropchance-0.01,Quest-Pro,BeatSaber,False,False,PopStars-Medium
wlan0,5517153724,4081728,0,0,0,0,0,1604,292054717,851007,0,264,0,0,0,0,clumsy-dropchance-0.01,Quest-Pro,BeatSaber,False,False,PopStars-Medium
p2p-wlan0-0,3618331,61810,0,0,0,0,0,26,192008720,127686,0,59,0,0,0,0,clumsy-dropchance-0.01,Quest-Pro,BeatSaber,False,False,PopStars-Medium
wlan0,5519303696,4086131,0,0,0,0,0,1605,293514718,854739,0,264,0,0,0,0,clumsy-dropchance-0.01,Quest-Pro,BeatSaber,False,False,PopStars-Medium
p2p-wlan0-0,3618331,61810,0,0,0,0,0,26,192008720,127686,0,59,0,0,0,0,clumsy-dropchance-0.01,Quest-Pro,BeatSaber,False,False,PopStars-Medium
wlan0,5522445839,4093519,0,0,0,0,0,1616,295752585,860839,0,266,0,0,0,0,clumsy-dropchance-0.01,Quest-Pro,BeatSaber,False,False,PopStars-Medium
p2p-wlan0-0,3618331,61810,0,0,0,0,0,26,192008720,127686,0,59,0,0,0,0,clumsy-dropchance-0.01,Quest-Pro,BeatSaber,False,False,PopStars-Medium
wlan0,5526241135,4100937,0,0,0,0,0,1645,298051332,866708,0,269,0,0,0,0,clumsy-dropchance-0.01,Quest-Pro,BeatSaber,False,False,PopStars-Medium
p2p-wlan0-0,3618331,61810,0,0,0,0,0,26,192008720,127686,0,59,0,0,0,0,clumsy-dropchance-0.01,Quest-Pro,BeatSaber,False,False,PopStars-Medium
wlan0,5529349185,4106028,0,0,0,0,0,1653,299476693,870347,0,271,0,0,0,0,clumsy-dropchance-0.01,Quest-Pro,BeatSaber,False,False,PopStars-Medium
p2p-wlan0-0,3618331,61810,0,0,0,0,0,26,192008720,127686,0,59,0,0,0,0,clumsy-dropchance-0.01,Quest-Pro,BeatSaber,False,False,PopStars-Medium
wlan0,5530456801,4108133,0,0,0,0,0,1654,300191872,872103,0,271,0,0,0,0,clumsy-dropchance-0.01,Quest-Pro,BeatSaber,False,False,PopStars-Medium
p2p-wlan0-0,3618331,61810,0,0,0,0,0,26,192008720,127686,0,59,0,0,0,0,clumsy-dropchance-0.01,Quest-Pro,BeatSaber,False,False,PopStars-Medium
wlan0,5532487223,4112846,0,0,0,0,0,1666,301683827,876071,0,273,0,0,0,0,clumsy-dropchance-0.01,Quest-Pro,BeatSaber,False,False,PopStars-Medium
p2p-wlan0-0,3618331,61810,0,0,0,0,0,26,192008720,127686,0,59,0,0,0,0,clumsy-dropchance-0.01,Quest-Pro,BeatSaber,False,False,PopStars-Medium
wlan0,5536556306,4122352,0,0,0,0,0,1667,304630887,884296,0,273,0,0,0,0,clumsy-dropchance-0.01,Quest-Pro,BeatSaber,False,False,PopStars-Medium
p2p-wlan0-0,3618331,61810,0,0,0,0,0,26,192008720,127686,0,59,0,0,0,0,clumsy-dropchance-0.01,Quest-Pro,BeatSaber,False,False,PopStars-Medium
wlan0,5537521109,4125370,0,0,0,0,0,1668,305598870,887025,0,273,0,0,0,0,clumsy-dropchance-0.01,Quest-Pro,BeatSaber,False,False,PopStars-Medium
p2p-wlan0-0,3618331,61810,0,0,0,0,0,26,192008720,127686,0,59,0,0,0,0,clumsy-dropchance-0.01,Quest-Pro,BeatSaber,False,False,PopStars-Medium
wlan0,5538182122,4126996,0,0,0,0,0,1668,306109972,888357,0,273,0,0,0,0,clumsy-dropchance-0.01,Quest-Pro,BeatSaber,False,False,PopStars-Medium
p2p-wlan0-0,3618331,61810,0,0,0,0,0,26,192008720,127686,0,59,0,0,0,0,clumsy-dropchance-0.01,Quest-Pro,BeatSaber,False,False,PopStars-Medium
wlan0,5540885621,4133835,0,0,0,0,0,1691,308308362,894120,0,275,0,0,0,0,clumsy-dropchance-0.01,Quest-Pro,BeatSaber,False,False,PopStars-Medium
p2p-wlan0-0,3618331,61810,0,0,0,0,0,26,192008720,127686,0,59,0,0,0,0,clumsy-dropchance-0.01,Quest-Pro,BeatSaber,False,False,PopStars-Medium
wlan0,5545927551,4143681,0,0,0,0,0,1703,311206502,901768,0,280,0,0,0,0,clumsy-dropchance-0.01,Quest-Pro,BeatSaber,False,False,PopStars-Medium
p2p-wlan0-0,3618331,61810,0,0,0,0,0,26,192008720,127686,0,59,0,0,0,0,clumsy-dropchance-0.01,Quest-Pro,BeatSaber,False,False,PopStars-Medium
wlan0,5548473250,4149497,0,0,0,0,0,1713,312939421,906674,0,283,0,0,0,0,clumsy-dropchance-0.01,Quest-Pro,BeatSaber,False,False,PopStars-Medium
p2p-wlan0-0,3618331,61810,0,0,0,0,0,26,192008720,127686,0,59,0,0,0,0,clumsy-dropchance-0.01,Quest-Pro,BeatSaber,False,False,PopStars-Medium
wlan0,5551427806,4156027,0,0,0,0,0,1715,314900196,912080,0,285,0,0,0,0,clumsy-dropchance-0.01,Quest-Pro,BeatSaber,False,False,PopStars-Medium
p2p-wlan0-0,3618331,61810,0,0,0,0,0,26,192008720,127686,0,59,0,0,0,0,clumsy-dropchance-0.01,Quest-Pro,BeatSaber,False,False,PopStars-Medium
wlan0,5553833745,4160912,0,0,0,0,0,1715,316362227,915983,0,286,0,0,0,0,clumsy-dropchance-0.01,Quest-Pro,BeatSaber,False,False,PopStars-Medium
p2p-wlan0-0,3618331,61810,0,0,0,0,0,26,192008720,127686,0,59,0,0,0,0,clumsy-dropchance-0.01,Quest-Pro,BeatSaber,False,False,PopStars-Medium
wlan0,5556092239,4165601,0,0,0,0,0,1724,317890514,919854,0,287,0,0,0,0,clumsy-dropchance-0.01,Quest-Pro,BeatSaber,False,False,PopStars-Medium
p2p-wlan0-0,3618331,61810,0,0,0,0,0,26,192008720,127686,0,59,0,0,0,0,clumsy-dropchance-0.01,Quest-Pro,BeatSaber,False,False,PopStars-Medium
wlan0,5556771968,4167647,0,0,0,0,0,1732,318530781,921608,0,288,0,0,0,0,clumsy-dropchance-0.01,Quest-Pro,BeatSaber,False,False,PopStars-Medium
p2p-wlan0-0,3618331,61810,0,0,0,0,0,26,192008720,127686,0,59,0,0,0,0,clumsy-dropchance-0.01,Quest-Pro,BeatSaber,False,False,PopStars-Medium
wlan0,5558877489,4172518,0,0,0,0,0,1742,319990855,925604,0,288,0,0,0,0,clumsy-dropchance-0.01,Quest-Pro,BeatSaber,False,False,PopStars-Medium
p2p-wlan0-0,3618331,61810,0,0,0,0,0,26,192008720,127686,0,59,0,0,0,0,clumsy-dropchance-0.01,Quest-Pro,BeatSaber,False,False,PopStars-Medium
wlan0,5562986196,4181358,0,0,0,0,0,1753,322644537,932639,0,290,0,0,0,0,clumsy-dropchance-0.01,Quest-Pro,BeatSaber,False,False,PopStars-Medium
p2p-wlan0-0,3618331,61810,0,0,0,0,0,26,192008720,127686,0,59,0,0,0,0,clumsy-dropchance-0.01,Quest-Pro,BeatSaber,False,False,PopStars-Medium
wlan0,5567078214,4189707,0,0,0,0,0,1764,325109912,939303,0,292,0,0,0,0,clumsy-dropchance-0.01,Quest-Pro,BeatSaber,False,False,PopStars-Medium
p2p-wlan0-0,3629027,62012,0,0,0,0,0,26,192634192,128101,0,60,0,0,0,0,clumsy-dropchance-0.01,Quest-Pro,BeatSaber,False,False,PopStars-Medium
wlan0,5571003700,4198987,0,0,0,0,0,1765,328039822,947490,0,297,0,0,0,0,clumsy-dropchance-0.01,Quest-Pro,BeatSaber,False,False,PopStars-Medium
p2p-wlan0-0,3722319,63804,0,0,0,0,0,26,198043293,131674,0,62,0,0,0,0,clumsy-dropchance-0.01,Quest-Pro,BeatSaber,False,False,PopStars-Medium
wlan0,5574082258,4206271,0,0,0,0,0,1783,330242022,953563,0,303,0,0,0,0,clumsy-dropchance-0.01,Quest-Pro,BeatSaber,False,False,PopStars-Medium
p2p-wlan0-0,3722319,63804,0,0,0,0,0,26,198043293,131674,0,62,0,0,0,0,clumsy-dropchance-0.01,Quest-Pro,BeatSaber,False,False,PopStars-Medium
wlan0,5575241726,4208712,0,0,0,0,0,1793,330977937,955459,0,303,0,0,0,0,clumsy-dropchance-0.01,Quest-Pro,BeatSaber,False,False,PopStars-Medium
p2p-wlan0-0,3722375,63806,0,0,0,0,0,26,198043377,131676,0,62,0,0,0,0,clumsy-dropchance-0.01,Quest-Pro,BeatSaber,False,False,PopStars-Medium
wlan0,5576182480,4210742,0,0,0,0,0,1794,331714973,957317,0,303,0,0,0,0,clumsy-dropchance-0.01,Quest-Pro,BeatSaber,False,False,PopStars-Medium
p2p-wlan0-0,3722375,63806,0,0,0,0,0,26,198043377,131676,0,62,0,0,0,0,clumsy-dropchance-0.01,Quest-Pro,BeatSaber,False,False,PopStars-Medium
wlan0,5576959275,4213122,0,0,0,0,0,1795,332467204,959461,0,303,0,0,0,0,clumsy-dropchance-0.01,Quest-Pro,BeatSaber,False,False,PopStars-Medium
p2p-wlan0-0,3722375,63806,0,0,0,0,0,26,198043377,131676,0,62,0,0,0,0,clumsy-dropchance-0.01,Quest-Pro,BeatSaber,False,False,PopStars-Medium
wlan0,5579106443,4218186,0,0,0,0,0,1808,333948092,963696,0,303,0,0,0,0,clumsy-dropchance-0.01,Quest-Pro,BeatSaber,False,False,PopStars-Medium
p2p-wlan0-0,3722375,63806,0,0,0,0,0,26,198043377,131676,0,62,0,0,0,0,clumsy-dropchance-0.01,Quest-Pro,BeatSaber,False,False,PopStars-Medium
wlan0,5580300365,4220684,0,0,0,0,0,1809,334683423,965782,0,303,0,0,0,0,clumsy-dropchance-0.01,Quest-Pro,BeatSaber,False,False,PopStars-Medium
p2p-wlan0-0,3751131,64359,0,0,0,0,0,26,199733096,132793,0,64,0,0,0,0,clumsy-dropchance-0.01,Quest-Pro,BeatSaber,False,False,PopStars-Medium
wlan0,5582532147,4225229,0,0,0,0,0,1810,336149523,969682,0,306,0,0,0,0,clumsy-dropchance-0.01,Quest-Pro,BeatSaber,False,False,PopStars-Medium
p2p-wlan0-0,3773971,64795,0,0,0,0,0,26,201039613,133656,0,65,0,0,0,0,clumsy-dropchance-0.01,Quest-Pro,BeatSaber,False,False,PopStars-Medium
wlan0,5583324217,4227496,0,0,0,0,0,1810,336896789,971671,0,308,0,0,0,0,clumsy-dropchance-0.01,Quest-Pro,BeatSaber,False,False,PopStars-Medium
p2p-wlan0-0,3773971,64795,0,0,0,0,0,26,201039613,133656,0,65,0,0,0,0,clumsy-dropchance-0.01,Quest-Pro,BeatSaber,False,False,PopStars-Medium
wlan0,5585961963,4233375,0,0,0,0,0,1810,338674859,976501,0,308,0,0,0,0,clumsy-dropchance-0.01,Quest-Pro,BeatSaber,False,False,PopStars-Medium
p2p-wlan0-0,3773971,64795,0,0,0,0,0,26,201039613,133656,0,65,0,0,0,0,clumsy-dropchance-0.01,Quest-Pro,BeatSaber,False,False,PopStars-Medium
wlan0,5587296910,4236674,0,0,0,0,0,1819,339826128,979586,0,310,0,0,0,0,clumsy-dropchance-0.01,Quest-Pro,BeatSaber,False,False,PopStars-Medium
p2p-wlan0-0,3773971,64795,0,0,0,0,0,26,201039613,133656,0,65,0,0,0,0,clumsy-dropchance-0.01,Quest-Pro,BeatSaber,False,False,PopStars-Medium
wlan0,5591280514,4246686,0,0,0,0,0,1841,343268495,988204,0,312,0,0,0,0,clumsy-dropchance-0.01,Quest-Pro,BeatSaber,False,False,PopStars-Medium
p2p-wlan0-0,3773971,64795,0,0,0,0,0,26,201039613,133656,0,65,0,0,0,0,clumsy-dropchance-0.01,Quest-Pro,BeatSaber,False,False,PopStars-Medium
wlan0,5596042152,4255992,0,0,0,0,0,1862,345985510,995675,0,314,0,0,0,0,clumsy-dropchance-0.01,Quest-Pro,BeatSaber,False,False,PopStars-Medium
p2p-wlan0-0,3773971,64795,0,0,0,0,0,26,201039613,133656,0,65,0,0,0,0,clumsy-dropchance-0.01,Quest-Pro,BeatSaber,False,False,PopStars-Medium
wlan0,5598069252,4260654,0,0,0,0,0,1862,347454093,999552,0,315,0,0,0,0,clumsy-dropchance-0.01,Quest-Pro,BeatSaber,False,False,PopStars-Medium
p2p-wlan0-0,3773971,64795,0,0,0,0,0,26,201039613,133656,0,65,0,0,0,0,clumsy-dropchance-0.01,Quest-Pro,BeatSaber,False,False,PopStars-Medium
wlan0,5599451102,4263892,0,0,0,0,0,1862,348438411,1002199,0,316,0,0,0,0,clumsy-dropchance-0.01,Quest-Pro,BeatSaber,False,False,PopStars-Medium
p2p-wlan0-0,3773971,64795,0,0,0,0,0,26,201039613,133656,0,65,0,0,0,0,clumsy-dropchance-0.01,Quest-Pro,BeatSaber,False,False,PopStars-Medium
wlan0,5601148686,4267538,0,0,0,0,0,1870,349678460,1005166,0,316,0,0,0,0,clumsy-dropchance-0.01,Quest-Pro,BeatSaber,False,False,PopStars-Medium
p2p-wlan0-0,3773971,64795,0,0,0,0,0,26,201039613,133656,0,65,0,0,0,0,clumsy-dropchance-0.01,Quest-Pro,BeatSaber,False,False,PopStars-Medium
wlan0,5604015497,4274840,0,0,0,0,0,1899,351892992,1011337,0,317,0,0,0,0,clumsy-dropchance-0.01,Quest-Pro,BeatSaber,False,False,PopStars-Medium
p2p-wlan0-0,3773971,64795,0,0,0,0,0,26,201039613,133656,0,65,0,0,0,0,clumsy-dropchance-0.01,Quest-Pro,BeatSaber,False,False,PopStars-Medium
wlan0,5607220144,4281821,0,0,0,0,0,1913,354091805,1017261,0,319,0,0,0,0,clumsy-dropchance-0.01,Quest-Pro,BeatSaber,False,False,PopStars-Medium
p2p-wlan0-0,3773971,64795,0,0,0,0,0,26,201039613,133656,0,65,0,0,0,0,clumsy-dropchance-0.01,Quest-Pro,BeatSaber,False,False,PopStars-Medium
wlan0,5608058518,4284145,0,0,0,0,0,1913,354826022,1019316,0,319,0,0,0,0,clumsy-dropchance-0.01,Quest-Pro,BeatSaber,False,False,PopStars-Medium
p2p-wlan0-0,3787609,64820,0,0,0,0,0,26,201045202,133674,0,65,0,0,0,0,clumsy-dropchance-0.01,Quest-Pro,BeatSaber,False,False,PopStars-Medium
wlan0,5609768798,4288133,0,0,0,0,0,1913,356041629,1022580,0,321,0,0,0,0,clumsy-dropchance-0.01,Quest-Pro,BeatSaber,False,False,PopStars-Medium
p2p-wlan0-0,3787609,64820,0,0,0,0,0,26,201045202,133674,0,65,0,0,0,0,clumsy-dropchance-0.01,Quest-Pro,BeatSaber,False,False,PopStars-Medium
wlan0,5611155207,4290966,0,0,0,0,0,1929,357021466,1024987,0,322,0,0,0,0,clumsy-dropchance-0.01,Quest-Pro,BeatSaber,False,False,PopStars-Medium
p2p-wlan0-0,3787609,64820,0,0,0,0,0,26,201045202,133674,0,65,0,0,0,0,clumsy-dropchance-0.01,Quest-Pro,BeatSaber,False,False,PopStars-Medium
wlan0,5613067193,4295675,0,0,0,0,0,1933,358495556,1029053,0,325,0,0,0,0,clumsy-dropchance-0.01,Quest-Pro,BeatSaber,False,False,PopStars-Medium
p2p-wlan0-0,3787637,64821,0,0,0,0,0,26,201045244,133675,0,65,0,0,0,0,clumsy-dropchance-0.01,Quest-Pro,BeatSaber,False,False,PopStars-Medium
wlan0,5615833945,4302389,0,0,0,0,0,1934,360678900,1034610,0,325,0,0,0,0,clumsy-dropchance-0.01,Quest-Pro,BeatSaber,False,False,PopStars-Medium
p2p-wlan0-0,3787637,64821,0,0,0,0,0,26,201045244,133675,0,65,0,0,0,0,clumsy-dropchance-0.01,Quest-Pro,BeatSaber,False,False,PopStars-Medium
wlan0,5617028546,4305532,0,0,0,0,0,1935,361660293,1037241,0,326,0,0,0,0,clumsy-dropchance-0.01,Quest-Pro,BeatSaber,False,False,PopStars-Medium
p2p-wlan0-0,3787637,64821,0,0,0,0,0,26,201045244,133675,0,65,0,0,0,0,clumsy-dropchance-0.01,Quest-Pro,BeatSaber,False,False,PopStars-Medium
wlan0,5619028969,4310417,0,0,0,0,0,1959,363113766,1041221,0,327,0,0,0,0,clumsy-dropchance-0.01,Quest-Pro,BeatSaber,False,False,PopStars-Medium
p2p-wlan0-0,3787637,64821,0,0,0,0,0,26,201045244,133675,0,65,0,0,0,0,clumsy-dropchance-0.01,Quest-Pro,BeatSaber,False,False,PopStars-Medium
wlan0,5624008686,4319203,0,0,0,0,0,1977,365775074,1048338,0,331,0,0,0,0,clumsy-dropchance-0.01,Quest-Pro,BeatSaber,False,False,PopStars-Medium
p2p-wlan0-0,3787637,64821,0,0,0,0,0,26,201045244,133675,0,65,0,0,0,0,clumsy-dropchance-0.01,Quest-Pro,BeatSaber,False,False,PopStars-Medium
wlan0,5626936826,4326918,0,0,0,0,0,1991,368171367,1055025,0,331,0,0,0,0,clumsy-dropchance-0.01,Quest-Pro,BeatSaber,False,False,PopStars-Medium
p2p-wlan0-0,3787637,64821,0,0,0,0,0,26,201045244,133675,0,65,0,0,0,0,clumsy-dropchance-0.01,Quest-Pro,BeatSaber,False,False,PopStars-Medium
wlan0,5630055668,4333484,0,0,0,0,0,1991,370157313,1060205,0,332,0,0,0,0,clumsy-dropchance-0.01,Quest-Pro,BeatSaber,False,False,PopStars-Medium
p2p-wlan0-0,3787637,64821,0,0,0,0,0,26,201045244,133675,0,65,0,0,0,0,clumsy-dropchance-0.01,Quest-Pro,BeatSaber,False,False,PopStars-Medium
wlan0,5632725081,4339180,0,0,0,0,0,1992,371860372,1064938,0,332,0,0,0,0,clumsy-dropchance-0.01,Quest-Pro,BeatSaber,False,False,PopStars-Medium
p2p-wlan0-0,3787637,64821,0,0,0,0,0,26,201045244,133675,0,65,0,0,0,0,clumsy-dropchance-0.01,Quest-Pro,BeatSaber,False,False,PopStars-Medium
wlan0,5635747956,4345709,0,0,0,0,0,2014,373834667,1070139,0,332,0,0,0,0,clumsy-dropchance-0.01,Quest-Pro,BeatSaber,False,False,PopStars-Medium
p2p-wlan0-0,3787637,64821,0,0,0,0,0,26,201045244,133675,0,65,0,0,0,0,clumsy-dropchance-0.01,Quest-Pro,BeatSaber,False,False,PopStars-Medium
wlan0,5638452496,4352757,0,0,0,0,0,2024,376236261,1076516,0,334,0,0,0,0,clumsy-dropchance-0.01,Quest-Pro,BeatSaber,False,False,PopStars-Medium
p2p-wlan0-0,3787637,64821,0,0,0,0,0,26,201045244,133675,0,65,0,0,0,0,clumsy-dropchance-0.01,Quest-Pro,BeatSaber,False,False,PopStars-Medium
wlan0,5639853844,4356721,0,0,0,0,0,2024,377468306,1080077,0,334,0,0,0,0,clumsy-dropchance-0.01,Quest-Pro,BeatSaber,False,False,PopStars-Medium
p2p-wlan0-0,3787637,64821,0,0,0,0,0,26,201045244,133675,0,65,0,0,0,0,clumsy-dropchance-0.01,Quest-Pro,BeatSaber,False,False,PopStars-Medium
wlan0,5641150187,4359801,0,0,0,0,0,2034,378421682,1082565,0,334,0,0,0,0,clumsy-dropchance-0.01,Quest-Pro,BeatSaber,False,False,PopStars-Medium
p2p-wlan0-0,3787637,64821,0,0,0,0,0,26,201045244,133675,0,65,0,0,0,0,clumsy-dropchance-0.01,Quest-Pro,BeatSaber,False,False,PopStars-Medium
wlan0,5644341808,4366376,0,0,0,0,0,2035,380394173,1087872,0,337,0,0,0,0,clumsy-dropchance-0.01,Quest-Pro,BeatSaber,False,False,PopStars-Medium
p2p-wlan0-0,3787637,64821,0,0,0,0,0,26,201045244,133675,0,65,0,0,0,0,clumsy-dropchance-0.01,Quest-Pro,BeatSaber,False,False,PopStars-Medium
wlan0,5647218460,4371350,0,0,0,0,0,2035,381866684,1091856,0,338,0,0,0,0,clumsy-dropchance-0.01,Quest-Pro,BeatSaber,False,False,PopStars-Medium
p2p-wlan0-0,3787637,64821,0,0,0,0,0,26,201045244,133675,0,65,0,0,0,0,clumsy-dropchance-0.01,Quest-Pro,BeatSaber,False,False,PopStars-Medium
wlan0,5648340258,4373811,0,0,0,0,0,2035,382614789,1093947,0,338,0,0,0,0,clumsy-dropchance-0.01,Quest-Pro,BeatSaber,False,False,PopStars-Medium
p2p-wlan0-0,3787637,64821,0,0,0,0,0,26,201045244,133675,0,65,0,0,0,0,clumsy-dropchance-0.01,Quest-Pro,BeatSaber,False,False,PopStars-Medium
wlan0,5649583585,4376765,0,0,0,0,0,2035,383541204,1096369,0,338,0,0,0,0,clumsy-dropchance-0.01,Quest-Pro,BeatSaber,False,False,PopStars-Medium
p2p-wlan0-0,3787637,64821,0,0,0,0,0,26,201045244,133675,0,65,0,0,0,0,clumsy-dropchance-0.01,Quest-Pro,BeatSaber,False,False,PopStars-Medium
wlan0,5654875060,4388672,0,0,0,0,0,2071,387139849,1106111,0,342,0,0,0,0,clumsy-dropchance-0.01,Quest-Pro,BeatSaber,False,False,PopStars-Medium
p2p-wlan0-0,3787637,64821,0,0,0,0,0,26,201045244,133675,0,65,0,0,0,0,clumsy-dropchance-0.01,Quest-Pro,BeatSaber,False,False,PopStars-Medium
wlan0,5657386598,4393599,0,0,0,0,0,2078,388603458,1110022,0,342,0,0,0,0,clumsy-dropchance-0.01,Quest-Pro,BeatSaber,False,False,PopStars-Medium
p2p-wlan0-0,3787637,64821,0,0,0,0,0,26,201045244,133675,0,65,0,0,0,0,clumsy-dropchance-0.01,Quest-Pro,BeatSaber,False,False,PopStars-Medium
wlan0,5658828789,4396247,0,0,0,0,0,2087,389359445,1112073,0,344,0,0,0,0,clumsy-dropchance-0.01,Quest-Pro,BeatSaber,False,False,PopStars-Medium
p2p-wlan0-0,3839445,65808,0,0,0,0,0,26,204102769,135696,0,65,0,0,0,0,clumsy-dropchance-0.01,Quest-Pro,BeatSaber,False,False,PopStars-Medium
wlan0,5663146869,4407105,0,0,0,0,0,2088,392990685,1121642,0,346,0,0,0,0,clumsy-dropchance-0.01,Quest-Pro,BeatSaber,False,False,PopStars-Medium
p2p-wlan0-0,3891289,66805,0,0,0,0,0,26,207140613,137704,0,65,0,0,0,0,clumsy-dropchance-0.01,Quest-Pro,BeatSaber,False,False,PopStars-Medium
wlan0,5665103798,4411870,0,0,0,0,0,2089,394454262,1125677,0,348,0,0,0,0,clumsy-dropchance-0.01,Quest-Pro,BeatSaber,False,False,PopStars-Medium
p2p-wlan0-0,3891317,66806,0,0,0,0,0,26,207140655,137705,0,65,0,0,0,0,clumsy-dropchance-0.01,Quest-Pro,BeatSaber,False,False,PopStars-Medium
wlan0,5666564789,4415133,0,0,0,0,0,2102,395428483,1128310,0,351,0,0,0,0,clumsy-dropchance-0.01,Quest-Pro,BeatSaber,False,False,PopStars-Medium
p2p-wlan0-0,3891345,66807,0,0,0,0,0,26,207140697,137706,0,65,0,0,0,0,clumsy-dropchance-0.01,Quest-Pro,BeatSaber,False,False,PopStars-Medium
wlan0,5671263343,4424892,0,0,0,0,0,2124,398346221,1136116,0,353,0,0,0,0,clumsy-dropchance-0.01,Quest-Pro,BeatSaber,False,False,PopStars-Medium
p2p-wlan0-0,3891345,66807,0,0,0,0,0,26,207140697,137706,0,65,0,0,0,0,clumsy-dropchance-0.01,Quest-Pro,BeatSaber,False,False,PopStars-Medium
wlan0,5672316380,4426672,0,0,0,0,0,2124,398864119,1137483,0,353,0,0,0,0,clumsy-dropchance-0.01,Quest-Pro,BeatSaber,False,False,PopStars-Medium
p2p-wlan0-0,3891345,66807,0,0,0,0,0,26,207140697,137706,0,65,0,0,0,0,clumsy-dropchance-0.01,Quest-Pro,BeatSaber,False,False,PopStars-Medium
wlan0,5677073426,4436132,0,0,0,0,0,2134,401757087,1145078,0,354,0,0,0,0,clumsy-dropchance-0.01,Quest-Pro,BeatSaber,False,False,PopStars-Medium
p2p-wlan0-0,3891345,66807,0,0,0,0,0,26,207140697,137706,0,65,0,0,0,0,clumsy-dropchance-0.01,Quest-Pro,BeatSaber,False,False,PopStars-Medium
wlan0,5678121626,4438597,0,0,0,0,0,2135,402505226,1147107,0,355,0,0,0,0,clumsy-dropchance-0.01,Quest-Pro,BeatSaber,False,False,PopStars-Medium
p2p-wlan0-0,3891345,66807,0,0,0,0,0,26,207140697,137706,0,65,0,0,0,0,clumsy-dropchance-0.01,Quest-Pro,BeatSaber,False,False,PopStars-Medium
wlan0,5680221855,4442854,0,0,0,0,0,2135,403942299,1150843,0,355,0,0,0,0,clumsy-dropchance-0.01,Quest-Pro,BeatSaber,False,False,PopStars-Medium
p2p-wlan0-0,3891345,66807,0,0,0,0,0,26,207140697,137706,0,65,0,0,0,0,clumsy-dropchance-0.01,Quest-Pro,BeatSaber,False,False,PopStars-Medium
wlan0,5684114657,4452259,0,0,0,0,0,2152,406873670,1158752,0,359,0,0,0,0,clumsy-dropchance-0.01,Quest-Pro,BeatSaber,False,False,PopStars-Medium
p2p-wlan0-0,3891345,66807,0,0,0,0,0,26,207140697,137706,0,65,0,0,0,0,clumsy-dropchance-0.01,Quest-Pro,BeatSaber,False,False,PopStars-Medium
wlan0,5685242586,4454706,0,0,0,0,0,2152,407606601,1160800,0,359,0,0,0,0,clumsy-dropchance-0.01,Quest-Pro,BeatSaber,False,False,PopStars-Medium
p2p-wlan0-0,3891345,66807,0,0,0,0,0,26,207140697,137706,0,65,0,0,0,0,clumsy-dropchance-0.01,Quest-Pro,BeatSaber,False,False,PopStars-Medium
wlan0,5686245735,4457156,0,0,0,0,0,2162,408344841,1162737,0,359,0,0,0,0,clumsy-dropchance-0.01,Quest-Pro,BeatSaber,False,False,PopStars-Medium
p2p-wlan0-0,3891345,66807,0,0,0,0,0,26,207140697,137706,0,65,0,0,0,0,clumsy-dropchance-0.01,Quest-Pro,BeatSaber,False,False,PopStars-Medium
wlan0,5688370420,4462068,0,0,0,0,0,2173,409817008,1166742,0,360,0,0,0,0,clumsy-dropchance-0.01,Quest-Pro,BeatSaber,False,False,PopStars-Medium
p2p-wlan0-0,3891345,66807,0,0,0,0,0,26,207140697,137706,0,65,0,0,0,0,clumsy-dropchance-0.01,Quest-Pro,BeatSaber,False,False,PopStars-Medium
wlan0,5690600056,4467068,0,0,0,0,0,2184,411288671,1170843,0,361,0,0,0,0,clumsy-dropchance-0.01,Quest-Pro,BeatSaber,False,False,PopStars-Medium
p2p-wlan0-0,3891345,66807,0,0,0,0,0,26,207140697,137706,0,65,0,0,0,0,clumsy-dropchance-0.01,Quest-Pro,BeatSaber,False,False,PopStars-Medium
wlan0,5695422972,4478359,0,0,0,0,0,2192,414911873,1180541,0,364,0,0,0,0,clumsy-dropchance-0.01,Quest-Pro,BeatSaber,False,False,PopStars-Medium
p2p-wlan0-0,3891345,66807,0,0,0,0,0,26,207140697,137706,0,65,0,0,0,0,clumsy-dropchance-0.01,Quest-Pro,BeatSaber,False,False,PopStars-Medium
wlan0,5697115143,4482278,0,0,0,0,0,2194,416101410,1183765,0,365,0,0,0,0,clumsy-dropchance-0.01,Quest-Pro,BeatSaber,False,False,PopStars-Medium
p2p-wlan0-0,3891345,66807,0,0,0,0,0,26,207140697,137706,0,65,0,0,0,0,clumsy-dropchance-0.01,Quest-Pro,BeatSaber,False,False,PopStars-Medium
wlan0,5698998183,4485725,0,0,0,0,0,2204,417094693,1186434,0,366,0,0,0,0,clumsy-dropchance-0.01,Quest-Pro,BeatSaber,False,False,PopStars-Medium
p2p-wlan0-0,3891345,66807,0,0,0,0,0,26,207140697,137706,0,65,0,0,0,0,clumsy-dropchance-0.01,Quest-Pro,BeatSaber,False,False,PopStars-Medium
wlan0,5701074305,4490217,0,0,0,0,0,2215,418558070,1190184,0,367,0,0,0,0,clumsy-dropchance-0.01,Quest-Pro,BeatSaber,False,False,PopStars-Medium
p2p-wlan0-0,3891345,66807,0,0,0,0,0,26,207140697,137706,0,65,0,0,0,0,clumsy-dropchance-0.01,Quest-Pro,BeatSaber,False,False,PopStars-Medium
wlan0,5702268347,4493383,0,0,0,0,0,2225,419527584,1192850,0,367,0,0,0,0,clumsy-dropchance-0.01,Quest-Pro,BeatSaber,False,False,PopStars-Medium
p2p-wlan0-0,3891345,66807,0,0,0,0,0,26,207140697,137706,0,65,0,0,0,0,clumsy-dropchance-0.01,Quest-Pro,BeatSaber,False,False,PopStars-Medium
wlan0,5703971557,4497332,0,0,0,0,0,2227,420758494,1195956,0,371,0,0,0,0,clumsy-dropchance-0.01,Quest-Pro,BeatSaber,False,False,PopStars-Medium
p2p-wlan0-0,3891345,66807,0,0,0,0,0,26,207140697,137706,0,65,0,0,0,0,clumsy-dropchance-0.01,Quest-Pro,BeatSaber,False,False,PopStars-Medium
wlan0,5706389699,4503120,0,0,0,0,0,2236,422471698,1200640,0,372,0,0,0,0,clumsy-dropchance-0.01,Quest-Pro,BeatSaber,False,False,PopStars-Medium
p2p-wlan0-0,3891345,66807,0,0,0,0,0,26,207140697,137706,0,65,0,0,0,0,clumsy-dropchance-0.01,Quest-Pro,BeatSaber,False,False,PopStars-Medium
wlan0,5708547186,4507423,0,0,0,0,0,2237,423700628,1203940,0,375,0,0,0,0,clumsy-dropchance-0.01,Quest-Pro,BeatSaber,False,False,PopStars-Medium
p2p-wlan0-0,3891345,66807,0,0,0,0,0,26,207140697,137706,0,65,0,0,0,0,clumsy-dropchance-0.01,Quest-Pro,BeatSaber,False,False,PopStars-Medium
wlan0,5710189071,4510642,0,0,0,0,0,2238,424657882,1206557,0,377,0,0,0,0,clumsy-dropchance-0.01,Quest-Pro,BeatSaber,False,False,PopStars-Medium
p2p-wlan0-0,3891345,66807,0,0,0,0,0,26,207140697,137706,0,65,0,0,0,0,clumsy-dropchance-0.01,Quest-Pro,BeatSaber,False,False,PopStars-Medium
wlan0,5715919631,4516755,0,0,0,0,0,2246,426337140,1210670,0,377,0,0,0,0,clumsy-dropchance-0.01,Quest-Pro,BeatSaber,False,False,PopStars-Medium
p2p-wlan0-0,3995921,68819,0,0,0,0,0,26,213214954,141723,0,66,0,0,0,0,clumsy-dropchance-0.01,Quest-Pro,BeatSaber,False,False,PopStars-Medium
wlan0,5813825228,4623294,0,0,0,0,0,2437,470098881,1290866,0,393,0,0,0,0,clumsy-dropchance-0.01,Quest-Pro,BeatSaber,False,False,PopStars-Medium
p2p-wlan0-0,3995921,68819,0,0,0,0,0,26,213214954,141723,0,66,0,0,0,0,clumsy-dropchance-0.01,Quest-Pro,BeatSaber,False,False,PopStars-Medium
wlan0,5818091277,4627930,0,0,0,0,0,2437,471341350,1294118,0,393,0,0,0,0,clumsy-dropchance-0.01,Quest-Pro,BeatSaber,False,False,PopStars-Medium
p2p-wlan0-0,3995921,68819,0,0,0,0,0,26,213214954,141723,0,66,0,0,0,0,clumsy-dropchance-0.01,Quest-Pro,BeatSaber,False,False,PopStars-Medium
wlan0,5820234811,4630213,0,0,0,0,0,2438,471996516,1295667,0,393,0,0,0,0,clumsy-dropchance-0.01,Quest-Pro,BeatSaber,False,False,PopStars-Medium
p2p-wlan0-0,3995921,68819,0,0,0,0,0,26,213214954,141723,0,66,0,0,0,0,clumsy-dropchance-0.01,Quest-Pro,BeatSaber,False,False,PopStars-Medium
wlan0,5822549372,4632780,0,0,0,0,0,2438,472700066,1297418,0,393,0,0,0,0,clumsy-dropchance-0.01,Quest-Pro,BeatSaber,False,False,PopStars-Medium
p2p-wlan0-0,3995921,68819,0,0,0,0,0,26,213214954,141723,0,66,0,0,0,0,clumsy-dropchance-0.01,Quest-Pro,BeatSaber,False,False,PopStars-Medium
wlan0,5825101319,4635343,0,0,0,0,0,2449,473398719,1299043,0,393,0,0,0,0,clumsy-dropchance-0.01,Quest-Pro,BeatSaber,False,False,PopStars-Medium
p2p-wlan0-0,3995921,68819,0,0,0,0,0,26,213214954,141723,0,66,0,0,0,0,clumsy-dropchance-0.01,Quest-Pro,BeatSaber,False,False,PopStars-Medium
wlan0,5827630269,4638080,0,0,0,0,0,2460,474111496,1300932,0,393,0,0,0,0,clumsy-dropchance-0.01,Quest-Pro,BeatSaber,False,False,PopStars-Medium
p2p-wlan0-0,3995921,68819,0,0,0,0,0,26,213214954,141723,0,66,0,0,0,0,clumsy-dropchance-0.01,Quest-Pro,BeatSaber,False,False,PopStars-Medium
wlan0,5830337601,4640823,0,0,0,0,0,2460,474978513,1302907,0,394,0,0,0,0,clumsy-dropchance-0.01,Quest-Pro,BeatSaber,False,False,PopStars-Medium
p2p-wlan0-0,3995921,68819,0,0,0,0,0,26,213214954,141723,0,66,0,0,0,0,clumsy-dropchance-0.01,Quest-Pro,BeatSaber,False,False,PopStars-Medium
wlan0,5834976633,4645573,0,0,0,0,0,2484,476411878,1306192,0,395,0,0,0,0,clumsy-dropchance-0.01,Quest-Pro,BeatSaber,False,False,PopStars-Medium
p2p-wlan0-0,3995921,68819,0,0,0,0,0,26,213214954,141723,0,66,0,0,0,0,clumsy-dropchance-0.01,Quest-Pro,BeatSaber,False,False,PopStars-Medium
wlan0,5840650566,4651794,0,0,0,0,0,2495,478288745,1310915,0,397,0,0,0,0,clumsy-dropchance-0.01,Quest-Pro,BeatSaber,False,False,PopStars-Medium
p2p-wlan0-0,3995921,68819,0,0,0,0,0,26,213214954,141723,0,66,0,0,0,0,clumsy-dropchance-0.01,Quest-Pro,BeatSaber,False,False,PopStars-Medium
wlan0,5843340129,4654404,0,0,0,0,0,2495,478985560,1312504,0,398,0,0,0,0,clumsy-dropchance-0.01,Quest-Pro,BeatSaber,False,False,PopStars-Medium
p2p-wlan0-0,3995921,68819,0,0,0,0,0,26,213214954,141723,0,66,0,0,0,0,clumsy-dropchance-0.01,Quest-Pro,BeatSaber,False,False,PopStars-Medium
wlan0,5850928576,4662296,0,0,0,0,0,2496,481102258,1317931,0,400,0,0,0,0,clumsy-dropchance-0.01,Quest-Pro,BeatSaber,False,False,PopStars-Medium
p2p-wlan0-0,4027611,68854,0,0,0,0,0,26,213220597,141742,0,66,0,0,0,0,clumsy-dropchance-0.01,Quest-Pro,BeatSaber,False,False,PopStars-Medium
wlan0,5856577218,4668152,0,0,0,0,0,2498,482733543,1322067,0,402,0,0,0,0,clumsy-dropchance-0.01,Quest-Pro,BeatSaber,False,False,PopStars-Medium
p2p-wlan0-0,4027611,68854,0,0,0,0,0,26,213220597,141742,0,66,0,0,0,0,clumsy-dropchance-0.01,Quest-Pro,BeatSaber,False,False,PopStars-Medium
wlan0,5861023611,4672948,0,0,0,0,0,2509,484287154,1325655,0,402,0,0,0,0,clumsy-dropchance-0.01,Quest-Pro,BeatSaber,False,False,PopStars-Medium
p2p-wlan0-0,4027639,68855,0,0,0,0,0,26,213220639,141743,0,66,0,0,0,0,clumsy-dropchance-0.01,Quest-Pro,BeatSaber,False,False,PopStars-Medium
wlan0,5865104483,4679559,0,0,0,0,0,2526,486601344,1331530,0,406,0,0,0,0,clumsy-dropchance-0.01,Quest-Pro,BeatSaber,False,False,PopStars-Medium
p2p-wlan0-0,4027639,68855,0,0,0,0,0,26,213220639,141743,0,66,0,0,0,0,clumsy-dropchance-0.01,Quest-Pro,BeatSaber,False,False,PopStars-Medium
wlan0,5868329572,4685266,0,0,0,0,0,2533,488528644,1336467,0,408,0,0,0,0,clumsy-dropchance-0.01,Quest-Pro,BeatSaber,False,False,PopStars-Medium
p2p-wlan0-0,4027639,68855,0,0,0,0,0,26,213220639,141743,0,66,0,0,0,0,clumsy-dropchance-0.01,Quest-Pro,BeatSaber,False,False,PopStars-Medium
wlan0,5871966254,4690229,0,0,0,0,0,2544,489992620,1340296,0,409,0,0,0,0,clumsy-dropchance-0.01,Quest-Pro,BeatSaber,False,False,PopStars-Medium
p2p-wlan0-0,4037207,69039,0,0,0,0,0,26,213782428,142115,0,66,0,0,0,0,clumsy-dropchance-0.01,Quest-Pro,BeatSaber,False,False,PopStars-Medium
wlan0,5873128361,4693381,0,0,0,0,0,2544,490940227,1342972,0,409,0,0,0,0,clumsy-dropchance-0.01,Quest-Pro,BeatSaber,False,False,PopStars-Medium
p2p-wlan0-0,4081303,69887,0,0,0,0,0,26,216325275,143795,0,66,0,0,0,0,clumsy-dropchance-0.01,Quest-Pro,BeatSaber,False,False,PopStars-Medium
wlan0,5874787128,4697407,0,0,0,0,0,2544,492202406,1346236,0,410,0,0,0,0,clumsy-dropchance-0.01,Quest-Pro,BeatSaber,False,False,PopStars-Medium
p2p-wlan0-0,4119835,70628,0,0,0,0,0,26,218617566,145310,0,66,0,0,0,0,clumsy-dropchance-0.01,Quest-Pro,BeatSaber,False,False,PopStars-Medium
wlan0,5876104456,4701081,0,0,0,0,0,2545,493423258,1349720,0,412,0,0,0,0,clumsy-dropchance-0.01,Quest-Pro,BeatSaber,False,False,PopStars-Medium
p2p-wlan0-0,4134135,70903,0,0,0,0,0,26,219427663,145846,0,66,0,0,0,0,clumsy-dropchance-0.01,Quest-Pro,BeatSaber,False,False,PopStars-Medium
wlan0,5878421504,4706978,0,0,0,0,0,2557,495155326,1354706,0,413,0,0,0,0,clumsy-dropchance-0.01,Quest-Pro,BeatSaber,False,False,PopStars-Medium
p2p-wlan0-0,4134135,70903,0,0,0,0,0,26,219427663,145846,0,66,0,0,0,0,clumsy-dropchance-0.01,Quest-Pro,BeatSaber,False,False,PopStars-Medium
wlan0,5880747043,4712167,0,0,0,0,0,2569,496745128,1358984,0,414,0,0,0,0,clumsy-dropchance-0.01,Quest-Pro,BeatSaber,False,False,PopStars-Medium
p2p-wlan0-0,4134163,70904,0,0,0,0,0,26,219427705,145847,0,66,0,0,0,0,clumsy-dropchance-0.01,Quest-Pro,BeatSaber,False,False,PopStars-Medium
wlan0,5884514108,4719754,0,0,0,0,0,2575,498954249,1365133,0,414,0,0,0,0,clumsy-dropchance-0.01,Quest-Pro,BeatSaber,False,False,PopStars-Medium
p2p-wlan0-0,4134163,70904,0,0,0,0,0,26,219427705,145847,0,66,0,0,0,0,clumsy-dropchance-0.01,Quest-Pro,BeatSaber,False,False,PopStars-Medium
wlan0,5889070340,4730666,0,0,0,0,0,2585,502560081,1374721,0,420,0,0,0,0,clumsy-dropchance-0.01,Quest-Pro,BeatSaber,False,False,PopStars-Medium
p2p-wlan0-0,4134163,70904,0,0,0,0,0,26,219427705,145847,0,66,0,0,0,0,clumsy-dropchance-0.01,Quest-Pro,BeatSaber,False,False,PopStars-Medium
wlan0,5890501043,4733546,0,0,0,0,0,2585,503328845,1376817,0,421,0,0,0,0,clumsy-dropchance-0.01,Quest-Pro,BeatSaber,False,False,PopStars-Medium
p2p-wlan0-0,4134163,70904,0,0,0,0,0,26,219427705,145847,0,66,0,0,0,0,clumsy-dropchance-0.01,Quest-Pro,BeatSaber,False,False,PopStars-Medium
wlan0,5892047225,4737924,0,0,0,0,0,2585,504790845,1380747,0,421,0,0,0,0,clumsy-dropchance-0.01,Quest-Pro,BeatSaber,False,False,PopStars-Medium
p2p-wlan0-0,4134163,70904,0,0,0,0,0,26,219427705,145847,0,66,0,0,0,0,clumsy-dropchance-0.01,Quest-Pro,BeatSaber,False,False,PopStars-Medium
wlan0,5895718607,4746298,0,0,0,0,0,2608,507254504,1387801,0,423,0,0,0,0,clumsy-dropchance-0.01,Quest-Pro,BeatSaber,False,False,PopStars-Medium
p2p-wlan0-0,4134163,70904,0,0,0,0,0,26,219427705,145847,0,66,0,0,0,0,clumsy-dropchance-0.01,Quest-Pro,BeatSaber,False,False,PopStars-Medium
wlan0,5898973757,4752060,0,0,0,0,0,2619,508923742,1392234,0,426,0,0,0,0,clumsy-dropchance-0.01,Quest-Pro,BeatSaber,False,False,PopStars-Medium
p2p-wlan0-0,4134163,70904,0,0,0,0,0,26,219427705,145847,0,66,0,0,0,0,clumsy-dropchance-0.01,Quest-Pro,BeatSaber,False,False,PopStars-Medium
wlan0,5900257154,4755500,0,0,0,0,0,2628,510139710,1395162,0,428,0,0,0,0,clumsy-dropchance-0.01,Quest-Pro,BeatSaber,False,False,PopStars-Medium
p2p-wlan0-0,4134163,70904,0,0,0,0,0,26,219427705,145847,0,66,0,0,0,0,clumsy-dropchance-0.01,Quest-Pro,BeatSaber,False,False,PopStars-Medium
wlan0,5901828423,4759534,0,0,0,0,0,2640,511385076,1398616,0,429,0,0,0,0,clumsy-dropchance-0.01,Quest-Pro,BeatSaber,False,False,PopStars-Medium
p2p-wlan0-0,4134163,70904,0,0,0,0,0,26,219427705,145847,0,66,0,0,0,0,clumsy-dropchance-0.01,Quest-Pro,BeatSaber,False,False,PopStars-Medium
wlan0,5902930564,4762031,0,0,0,0,0,2640,512261977,1400712,0,429,0,0,0,0,clumsy-dropchance-0.01,Quest-Pro,BeatSaber,False,False,PopStars-Medium
p2p-wlan0-0,4134163,70904,0,0,0,0,0,26,219427705,145847,0,66,0,0,0,0,clumsy-dropchance-0.01,Quest-Pro,BeatSaber,False,False,PopStars-Medium
wlan0,5903516444,4763904,0,0,0,0,0,2640,512841791,1402260,0,429,0,0,0,0,clumsy-dropchance-0.01,Quest-Pro,BeatSaber,False,False,PopStars-Medium
p2p-wlan0-0,4134163,70904,0,0,0,0,0,26,219427705,145847,0,66,0,0,0,0,clumsy-dropchance-0.01,Quest-Pro,BeatSaber,False,False,PopStars-Medium
wlan0,5904311465,4766330,0,0,0,0,0,2640,513604532,1404320,0,429,0,0,0,0,clumsy-dropchance-0.01,Quest-Pro,BeatSaber,False,False,PopStars-Medium
p2p-wlan0-0,4134163,70904,0,0,0,0,0,26,219427705,145847,0,66,0,0,0,0,clumsy-dropchance-0.01,Quest-Pro,BeatSaber,False,False,PopStars-Medium
wlan0,5908290121,4776487,0,0,0,0,0,2641,516752693,1413249,0,431,0,0,0,0,clumsy-dropchance-0.01,Quest-Pro,BeatSaber,False,False,PopStars-Medium
p2p-wlan0-0,4134163,70904,0,0,0,0,0,26,219427705,145847,0,66,0,0,0,0,clumsy-dropchance-0.01,Quest-Pro,BeatSaber,False,False,PopStars-Medium
wlan0,5909104831,4778372,0,0,0,0,0,2652,517277890,1414712,0,432,0,0,0,0,clumsy-dropchance-0.01,Quest-Pro,BeatSaber,False,False,PopStars-Medium
p2p-wlan0-0,4134163,70904,0,0,0,0,0,26,219427705,145847,0,66,0,0,0,0,clumsy-dropchance-0.01,Quest-Pro,BeatSaber,False,False,PopStars-Medium
wlan0,5910381713,4781321,0,0,0,0,0,2663,518143392,1416995,0,432,0,0,0,0,clumsy-dropchance-0.01,Quest-Pro,BeatSaber,False,False,PopStars-Medium
p2p-wlan0-0,4134163,70904,0,0,0,0,0,26,219427705,145847,0,66,0,0,0,0,clumsy-dropchance-0.01,Quest-Pro,BeatSaber,False,False,PopStars-Medium
wlan0,5913007100,4787987,0,0,0,0,0,2677,520234707,1422926,0,433,0,0,0,0,clumsy-dropchance-0.01,Quest-Pro,BeatSaber,False,False,PopStars-Medium
p2p-wlan0-0,4134163,70904,0,0,0,0,0,26,219427705,145847,0,66,0,0,0,0,clumsy-dropchance-0.01,Quest-Pro,BeatSaber,False,False,PopStars-Medium
wlan0,5915385850,4793532,0,0,0,0,0,2679,521904471,1427252,0,433,0,0,0,0,clumsy-dropchance-0.01,Quest-Pro,BeatSaber,False,False,PopStars-Medium
p2p-wlan0-0,4134163,70904,0,0,0,0,0,26,219427705,145847,0,66,0,0,0,0,clumsy-dropchance-0.01,Quest-Pro,BeatSaber,False,False,PopStars-Medium
wlan0,5917792467,4798660,0,0,0,0,0,2690,523400594,1431406,0,434,0,0,0,0,clumsy-dropchance-0.01,Quest-Pro,BeatSaber,False,False,PopStars-Medium
p2p-wlan0-0,4134163,70904,0,0,0,0,0,26,219427705,145847,0,66,0,0,0,0,clumsy-dropchance-0.01,Quest-Pro,BeatSaber,False,False,PopStars-Medium
wlan0,5922646117,4807879,0,0,0,0,0,2692,526085397,1438655,0,437,0,0,0,0,clumsy-dropchance-0.01,Quest-Pro,BeatSaber,False,False,PopStars-Medium
p2p-wlan0-0,4134163,70904,0,0,0,0,0,26,219427705,145847,0,66,0,0,0,0,clumsy-dropchance-0.01,Quest-Pro,BeatSaber,False,False,PopStars-Medium
wlan0,5924930586,4813310,0,0,0,0,0,2692,527786292,1443032,0,438,0,0,0,0,clumsy-dropchance-0.01,Quest-Pro,BeatSaber,False,False,PopStars-Medium
p2p-wlan0-0,4134163,70904,0,0,0,0,0,26,219427705,145847,0,66,0,0,0,0,clumsy-dropchance-0.01,Quest-Pro,BeatSaber,False,False,PopStars-Medium
wlan0,5927331293,4819663,0,0,0,0,0,2714,529866491,1448484,0,440,0,0,0,0,clumsy-dropchance-0.01,Quest-Pro,BeatSaber,False,False,PopStars-Medium
p2p-wlan0-0,4134163,70904,0,0,0,0,0,26,219427705,145847,0,66,0,0,0,0,clumsy-dropchance-0.01,Quest-Pro,BeatSaber,False,False,PopStars-Medium
wlan0,5928777109,4823051,0,0,0,0,0,2725,530854641,1451223,0,441,0,0,0,0,clumsy-dropchance-0.01,Quest-Pro,BeatSaber,False,False,PopStars-Medium
p2p-wlan0-0,4134163,70904,0,0,0,0,0,26,219427705,145847,0,66,0,0,0,0,clumsy-dropchance-0.01,Quest-Pro,BeatSaber,False,False,PopStars-Medium
wlan0,5931669642,4829275,0,0,0,0,0,2732,532821990,1456415,0,443,0,0,0,0,clumsy-dropchance-0.01,Quest-Pro,BeatSaber,False,False,PopStars-Medium
p2p-wlan0-0,4134163,70904,0,0,0,0,0,26,219427705,145847,0,66,0,0,0,0,clumsy-dropchance-0.01,Quest-Pro,BeatSaber,False,False,PopStars-Medium
wlan0,5935062997,4837400,0,0,0,0,0,2743,535197101,1463115,0,445,0,0,0,0,clumsy-dropchance-0.01,Quest-Pro,BeatSaber,False,False,PopStars-Medium
p2p-wlan0-0,4134163,70904,0,0,0,0,0,26,219427705,145847,0,66,0,0,0,0,clumsy-dropchance-0.01,Quest-Pro,BeatSaber,False,False,PopStars-Medium
wlan0,5937906113,4842264,0,0,0,0,0,2743,536534813,1466907,0,446,0,0,0,0,clumsy-dropchance-0.01,Quest-Pro,BeatSaber,False,False,PopStars-Medium
p2p-wlan0-0,4134163,70904,0,0,0,0,0,26,219427705,145847,0,66,0,0,0,0,clumsy-dropchance-0.01,Quest-Pro,BeatSaber,False,False,PopStars-Medium
wlan0,5939494884,4844792,0,0,0,0,0,2746,537270051,1468882,0,447,0,0,0,0,clumsy-dropchance-0.01,Quest-Pro,BeatSaber,False,False,PopStars-Medium
p2p-wlan0-0,4134163,70904,0,0,0,0,0,26,219427705,145847,0,66,0,0,0,0,clumsy-dropchance-0.01,Quest-Pro,BeatSaber,False,False,PopStars-Medium
wlan0,5940512173,4847319,0,0,0,0,0,2751,538014387,1470974,0,447,0,0,0,0,clumsy-dropchance-0.01,Quest-Pro,BeatSaber,False,False,PopStars-Medium
p2p-wlan0-0,4134163,70904,0,0,0,0,0,26,219427705,145847,0,66,0,0,0,0,clumsy-dropchance-0.01,Quest-Pro,BeatSaber,False,False,PopStars-Medium
wlan0,5942866267,4852553,0,0,0,0,0,2769,539520804,1475184,0,447,0,0,0,0,clumsy-dropchance-0.01,Quest-Pro,BeatSaber,False,False,PopStars-Medium
p2p-wlan0-0,4134163,70904,0,0,0,0,0,26,219427705,145847,0,66,0,0,0,0,clumsy-dropchance-0.01,Quest-Pro,BeatSaber,False,False,PopStars-Medium
wlan0,5946133202,4858558,0,0,0,0,0,2780,541166288,1479723,0,448,0,0,0,0,clumsy-dropchance-0.01,Quest-Pro,BeatSaber,False,False,PopStars-Medium
p2p-wlan0-0,4134163,70904,0,0,0,0,0,26,219427705,145847,0,66,0,0,0,0,clumsy-dropchance-0.01,Quest-Pro,BeatSaber,False,False,PopStars-Medium
wlan0,5949748058,4866137,0,0,0,0,0,2791,543392084,1485910,0,449,0,0,0,0,clumsy-dropchance-0.01,Quest-Pro,BeatSaber,False,False,PopStars-Medium
p2p-wlan0-0,4134163,70904,0,0,0,0,0,26,219427705,145847,0,66,0,0,0,0,clumsy-dropchance-0.01,Quest-Pro,BeatSaber,False,False,PopStars-Medium
wlan0,5955996702,4876894,0,0,0,0,0,2810,546426107,1494568,0,451,0,0,0,0,clumsy-dropchance-0.01,Quest-Pro,BeatSaber,False,False,PopStars-Medium
p2p-wlan0-0,4134163,70904,0,0,0,0,0,26,219427705,145847,0,66,0,0,0,0,clumsy-dropchance-0.01,Quest-Pro,BeatSaber,False,False,PopStars-Medium
wlan0,5961202807,4884062,0,0,0,0,0,2813,548308543,1499579,0,455,0,0,0,0,clumsy-dropchance-0.01,Quest-Pro,BeatSaber,False,False,PopStars-Medium
p2p-wlan0-0,4134163,70904,0,0,0,0,0,26,219427705,145847,0,66,0,0,0,0,clumsy-dropchance-0.01,Quest-Pro,BeatSaber,False,False,PopStars-Medium
wlan0,5963607829,4889154,0,0,0,0,0,2813,549790723,1503723,0,458,0,0,0,0,clumsy-dropchance-0.01,Quest-Pro,BeatSaber,False,False,PopStars-Medium
p2p-wlan0-0,4134163,70904,0,0,0,0,0,26,219427705,145847,0,66,0,0,0,0,clumsy-dropchance-0.01,Quest-Pro,BeatSaber,False,False,PopStars-Medium
wlan0,5964942531,4892498,0,0,0,0,0,2824,550784932,1506548,0,459,0,0,0,0,clumsy-dropchance-0.01,Quest-Pro,BeatSaber,False,False,PopStars-Medium
p2p-wlan0-0,4134163,70904,0,0,0,0,0,26,219427705,145847,0,66,0,0,0,0,clumsy-dropchance-0.01,Quest-Pro,BeatSaber,False,False,PopStars-Medium
wlan0,5966743250,4896769,0,0,0,0,0,2835,552033509,1509934,0,461,0,0,0,0,clumsy-dropchance-0.01,Quest-Pro,BeatSaber,False,False,PopStars-Medium
p2p-wlan0-0,4134163,70904,0,0,0,0,0,26,219427705,145847,0,66,0,0,0,0,clumsy-dropchance-0.01,Quest-Pro,BeatSaber,False,False,PopStars-Medium
wlan0,5971339188,4906679,0,0,0,0,0,2852,554971652,1517845,0,463,0,0,0,0,clumsy-dropchance-0.01,Quest-Pro,BeatSaber,False,False,PopStars-Medium
p2p-wlan0-0,4134163,70904,0,0,0,0,0,26,219427705,145847,0,66,0,0,0,0,clumsy-dropchance-0.01,Quest-Pro,BeatSaber,False,False,PopStars-Medium
wlan0,5972706635,4909307,0,0,0,0,0,2864,555727129,1519968,0,464,0,0,0,0,clumsy-dropchance-0.01,Quest-Pro,BeatSaber,False,False,PopStars-Medium
p2p-wlan0-0,4134163,70904,0,0,0,0,0,26,219427705,145847,0,66,0,0,0,0,clumsy-dropchance-0.01,Quest-Pro,BeatSaber,False,False,PopStars-Medium
wlan0,5973874238,4912079,0,0,0,0,0,2865,556687444,1522527,0,465,0,0,0,0,clumsy-dropchance-0.01,Quest-Pro,BeatSaber,False,False,PopStars-Medium
p2p-wlan0-0,4134163,70904,0,0,0,0,0,26,219427705,145847,0,66,0,0,0,0,clumsy-dropchance-0.01,Quest-Pro,BeatSaber,False,False,PopStars-Medium
wlan0,5975415674,4916332,0,0,0,0,0,2866,557963261,1526237,0,466,0,0,0,0,clumsy-dropchance-0.01,Quest-Pro,BeatSaber,False,False,PopStars-Medium
p2p-wlan0-0,4134163,70904,0,0,0,0,0,26,219427705,145847,0,66,0,0,0,0,clumsy-dropchance-0.01,Quest-Pro,BeatSaber,False,False,PopStars-Medium
wlan0,5977383015,4920727,0,0,0,0,0,2866,559424460,1530096,0,467,0,0,0,0,clumsy-dropchance-0.01,Quest-Pro,BeatSaber,False,False,PopStars-Medium
p2p-wlan0-0,4134163,70904,0,0,0,0,0,26,219427705,145847,0,66,0,0,0,0,clumsy-dropchance-0.01,Quest-Pro,BeatSaber,False,False,PopStars-Medium
wlan0,5978947599,4925592,0,0,0,0,0,2867,560912588,1534314,0,468,0,0,0,0,clumsy-dropchance-0.01,Quest-Pro,BeatSaber,False,False,PopStars-Medium
p2p-wlan0-0,4134163,70904,0,0,0,0,0,26,219427705,145847,0,66,0,0,0,0,clumsy-dropchance-0.01,Quest-Pro,BeatSaber,False,False,PopStars-Medium
wlan0,5981550586,4931671,0,0,0,0,0,2886,562646678,1539345,0,468,0,0,0,0,clumsy-dropchance-0.01,Quest-Pro,BeatSaber,False,False,PopStars-Medium
p2p-wlan0-0,4134163,70904,0,0,0,0,0,26,219427705,145847,0,66,0,0,0,0,clumsy-dropchance-0.01,Quest-Pro,BeatSaber,False,False,PopStars-Medium
wlan0,5983120385,4935670,0,0,0,0,0,2899,564092656,1543005,0,469,0,0,0,0,clumsy-dropchance-0.01,Quest-Pro,BeatSaber,False,False,PopStars-Medium
p2p-wlan0-0,4134163,70904,0,0,0,0,0,26,219427705,145847,0,66,0,0,0,0,clumsy-dropchance-0.01,Quest-Pro,BeatSaber,False,False,PopStars-Medium
wlan0,5984592112,4939728,0,0,0,0,0,2899,565371196,1546474,0,470,0,0,0,0,clumsy-dropchance-0.01,Quest-Pro,BeatSaber,False,False,PopStars-Medium
p2p-wlan0-0,4134163,70904,0,0,0,0,0,26,219427705,145847,0,66,0,0,0,0,clumsy-dropchance-0.01,Quest-Pro,BeatSaber,False,False,PopStars-Medium
wlan0,5987674893,4946803,0,0,0,0,0,2909,567585784,1552571,0,470,0,0,0,0,clumsy-dropchance-0.01,Quest-Pro,BeatSaber,False,False,PopStars-Medium
p2p-wlan0-0,4134163,70904,0,0,0,0,0,26,219427705,145847,0,66,0,0,0,0,clumsy-dropchance-0.01,Quest-Pro,BeatSaber,False,False,PopStars-Medium
wlan0,5991135665,4956028,0,0,0,0,0,2910,570512763,1560570,0,472,0,0,0,0,clumsy-dropchance-0.01,Quest-Pro,BeatSaber,False,False,PopStars-Medium
p2p-wlan0-0,4134163,70904,0,0,0,0,0,26,219427705,145847,0,66,0,0,0,0,clumsy-dropchance-0.01,Quest-Pro,BeatSaber,False,False,PopStars-Medium
wlan0,5993472947,4961888,0,0,0,0,0,2918,572242337,1565532,0,472,0,0,0,0,clumsy-dropchance-0.01,Quest-Pro,BeatSaber,False,False,PopStars-Medium
p2p-wlan0-0,4134163,70904,0,0,0,0,0,26,219427705,145847,0,66,0,0,0,0,clumsy-dropchance-0.01,Quest-Pro,BeatSaber,False,False,PopStars-Medium
wlan0,5995525046,4966180,0,0,0,0,0,2948,573687955,1568824,0,474,0,0,0,0,clumsy-dropchance-0.01,Quest-Pro,BeatSaber,False,False,PopStars-Medium
p2p-wlan0-0,4134163,70904,0,0,0,0,0,26,219427705,145847,0,66,0,0,0,0,clumsy-dropchance-0.01,Quest-Pro,BeatSaber,False,False,PopStars-Medium
wlan0,5998110515,4970920,0,0,0,0,0,2961,575137245,1572562,0,475,0,0,0,0,clumsy-dropchance-0.01,Quest-Pro,BeatSaber,False,False,PopStars-Medium
p2p-wlan0-0,4134163,70904,0,0,0,0,0,26,219427705,145847,0,66,0,0,0,0,clumsy-dropchance-0.01,Quest-Pro,BeatSaber,False,False,PopStars-Medium
wlan0,6003391536,4983275,0,0,0,0,0,2985,578826572,1582583,0,478,0,0,0,0,clumsy-dropchance-0.01,Quest-Pro,BeatSaber,False,False,PopStars-Medium
p2p-wlan0-0,4134163,70904,0,0,0,0,0,26,219427705,145847,0,66,0,0,0,0,clumsy-dropchance-0.01,Quest-Pro,BeatSaber,False,False,PopStars-Medium
wlan0,6004277983,4985560,0,0,0,0,0,2985,579591592,1584726,0,479,0,0,0,0,clumsy-dropchance-0.01,Quest-Pro,BeatSaber,False,False,PopStars-Medium
p2p-wlan0-0,4134163,70904,0,0,0,0,0,26,219427705,145847,0,66,0,0,0,0,clumsy-dropchance-0.01,Quest-Pro,BeatSaber,False,False,PopStars-Medium
wlan0,6005317331,4988611,0,0,0,0,0,2985,580560577,1587271,0,481,0,0,0,0,clumsy-dropchance-0.01,Quest-Pro,BeatSaber,False,False,PopStars-Medium
p2p-wlan0-0,4485129,71171,0,0,0,0,0,26,219444477,145982,0,66,0,0,0,0,clumsy-dropchance-0.01,Quest-Pro,BeatSaber,False,False,PopStars-Medium
wlan0,6007382877,4993584,0,0,0,0,0,2987,582376677,1591378,0,484,0,0,0,0,clumsy-dropchance-0.01,Quest-Pro,BeatSaber,False,False,PopStars-Medium
p2p-wlan0-0,4577703,71251,0,0,0,0,0,26,219452544,146027,0,66,0,0,0,0,clumsy-dropchance-0.01,Quest-Pro,BeatSaber,False,False,PopStars-Medium
wlan0,6008719609,4997333,0,0,0,0,0,2987,583723644,1594791,0,486,0,0,0,0,clumsy-dropchance-0.01,Quest-Pro,BeatSaber,False,False,PopStars-Medium
p2p-wlan0-0,4577703,71251,0,0,0,0,0,26,219452544,146027,0,66,0,0,0,0,clumsy-dropchance-0.01,Quest-Pro,BeatSaber,False,False,PopStars-Medium
wlan0,6010020964,5000717,0,0,0,0,0,2997,584736723,1597671,0,486,0,0,0,0,clumsy-dropchance-0.01,Quest-Pro,BeatSaber,False,False,PopStars-Medium
p2p-wlan0-0,4577731,71252,0,0,0,0,0,26,219452586,146028,0,66,0,0,0,0,clumsy-dropchance-0.01,Quest-Pro,BeatSaber,False,False,PopStars-Medium
wlan0,6012701835,5007615,0,0,0,0,0,3016,586933324,1603567,0,487,0,0,0,0,clumsy-dropchance-0.01,Quest-Pro,BeatSaber,False,False,PopStars-Medium
p2p-wlan0-0,4577731,71252,0,0,0,0,0,26,219452586,146028,0,66,0,0,0,0,clumsy-dropchance-0.01,Quest-Pro,BeatSaber,False,False,PopStars-Medium
wlan0,6014311735,5011682,0,0,0,0,0,3016,588165179,1606974,0,487,0,0,0,0,clumsy-dropchance-0.01,Quest-Pro,BeatSaber,False,False,PopStars-Medium
p2p-wlan0-0,4577731,71252,0,0,0,0,0,26,219452586,146028,0,66,0,0,0,0,clumsy-dropchance-0.01,Quest-Pro,BeatSaber,False,False,PopStars-Medium
wlan0,6016881922,5018605,0,0,0,0,0,3027,590383118,1613078,0,491,0,0,0,0,clumsy-dropchance-0.01,Quest-Pro,BeatSaber,False,False,PopStars-Medium
p2p-wlan0-0,4577731,71252,0,0,0,0,0,26,219452586,146028,0,66,0,0,0,0,clumsy-dropchance-0.01,Quest-Pro,BeatSaber,False,False,PopStars-Medium
wlan0,6018053997,5021733,0,0,0,0,0,3028,591358399,1615740,0,491,0,0,0,0,clumsy-dropchance-0.01,Quest-Pro,BeatSaber,False,False,PopStars-Medium
p2p-wlan0-0,4577731,71252,0,0,0,0,0,26,219452586,146028,0,66,0,0,0,0,clumsy-dropchance-0.01,Quest-Pro,BeatSaber,False,False,PopStars-Medium
wlan0,6021048553,5028496,0,0,0,0,0,3028,593348574,1621194,0,492,0,0,0,0,clumsy-dropchance-0.01,Quest-Pro,BeatSaber,False,False,PopStars-Medium
p2p-wlan0-0,4577731,71252,0,0,0,0,0,26,219452586,146028,0,66,0,0,0,0,clumsy-dropchance-0.01,Quest-Pro,BeatSaber,False,False,PopStars-Medium
wlan0,6022224638,5030881,0,0,0,0,0,3028,594095925,1623127,0,492,0,0,0,0,clumsy-dropchance-0.01,Quest-Pro,BeatSaber,False,False,PopStars-Medium
p2p-wlan0-0,4689999,73411,0,0,0,0,0,26,225976288,150343,0,68,0,0,0,0,clumsy-dropchance-0.01,Quest-Pro,BeatSaber,False,False,PopStars-Medium
wlan0,6025305397,5036766,0,0,0,0,0,3040,595793627,1627754,0,494,0,0,0,0,clumsy-dropchance-0.01,Quest-Pro,BeatSaber,False,False,PopStars-Medium
p2p-wlan0-0,4737787,74330,0,0,0,0,0,26,228774350,152193,0,68,0,0,0,0,clumsy-dropchance-0.01,Quest-Pro,BeatSaber,False,False,PopStars-Medium
wlan0,6027918793,5041349,0,0,0,0,0,3052,597054712,1631230,0,494,0,0,0,0,clumsy-dropchance-0.01,Quest-Pro,BeatSaber,False,False,PopStars-Medium
p2p-wlan0-0,4802635,75578,0,0,0,0,0,26,232514355,154667,0,68,0,0,0,0,clumsy-dropchance-0.01,Quest-Pro,BeatSaber,False,False,PopStars-Medium
wlan0,6031495874,5047433,0,0,0,0,0,3063,598747231,1635764,0,494,0,0,0,0,clumsy-dropchance-0.01,Quest-Pro,BeatSaber,False,False,PopStars-Medium
p2p-wlan0-0,4802635,75578,0,0,0,0,0,26,232514355,154667,0,68,0,0,0,0,clumsy-dropchance-0.01,Quest-Pro,BeatSaber,False,False,PopStars-Medium
wlan0,6037162076,5058007,0,0,0,0,0,3087,601683272,1643995,0,496,0,0,0,0,clumsy-dropchance-0.01,Quest-Pro,BeatSaber,False,False,PopStars-Medium
p2p-wlan0-0,4802635,75578,0,0,0,0,0,26,232514355,154667,0,68,0,0,0,0,clumsy-dropchance-0.01,Quest-Pro,BeatSaber,False,False,PopStars-Medium
wlan0,6041639329,5065891,0,0,0,0,0,3087,603910326,1650290,0,497,0,0,0,0,clumsy-dropchance-0.01,Quest-Pro,BeatSaber,False,False,PopStars-Medium
p2p-wlan0-0,4833503,76170,0,0,0,0,0,26,234329736,155867,0,68,0,0,0,0,clumsy-dropchance-0.01,Quest-Pro,BeatSaber,False,False,PopStars-Medium
wlan0,6048094231,5075504,0,0,0,0,0,3098,606622264,1657747,0,502,0,0,0,0,clumsy-dropchance-0.01,Quest-Pro,BeatSaber,False,False,PopStars-Medium
p2p-wlan0-0,4858931,76659,0,0,0,0,0,26,235784860,156829,0,69,0,0,0,0,clumsy-dropchance-0.01,Quest-Pro,BeatSaber,False,False,PopStars-Medium
wlan0,6050082096,5081423,0,0,0,0,0,3108,608563976,1663151,0,504,0,0,0,0,clumsy-dropchance-0.01,Quest-Pro,BeatSaber,False,False,PopStars-Medium
p2p-wlan0-0,4858931,76659,0,0,0,0,0,26,235784860,156829,0,69,0,0,0,0,clumsy-dropchance-0.01,Quest-Pro,BeatSaber,False,False,PopStars-Medium
wlan0,6051646099,5085020,0,0,0,0,0,3120,609600281,1666090,0,504,0,0,0,0,clumsy-dropchance-0.01,Quest-Pro,BeatSaber,False,False,PopStars-Medium
p2p-wlan0-0,4858931,76659,0,0,0,0,0,26,235784860,156829,0,69,0,0,0,0,clumsy-dropchance-0.01,Quest-Pro,BeatSaber,False,False,PopStars-Medium
wlan0,6053875555,5090025,0,0,0,0,0,3121,611083010,1670049,0,505,0,0,0,0,clumsy-dropchance-0.01,Quest-Pro,BeatSaber,False,False,PopStars-Medium
p2p-wlan0-0,4858931,76659,0,0,0,0,0,26,235784860,156829,0,69,0,0,0,0,clumsy-dropchance-0.01,Quest-Pro,BeatSaber,False,False,PopStars-Medium
wlan0,6058175217,5097959,0,0,0,0,0,3131,613279427,1676040,0,505,0,0,0,0,clumsy-dropchance-0.01,Quest-Pro,BeatSaber,False,False,PopStars-Medium
p2p-wlan0-0,4858931,76659,0,0,0,0,0,26,235784860,156829,0,69,0,0,0,0,clumsy-dropchance-0.01,Quest-Pro,BeatSaber,False,False,PopStars-Medium
wlan0,6062877759,5105613,0,0,0,0,0,3132,615467462,1681728,0,507,0,0,0,0,clumsy-dropchance-0.01,Quest-Pro,BeatSaber,False,False,PopStars-Medium
p2p-wlan0-0,4858931,76659,0,0,0,0,0,26,235784860,156829,0,69,0,0,0,0,clumsy-dropchance-0.01,Quest-Pro,BeatSaber,False,False,PopStars-Medium
wlan0,6065951736,5110208,0,0,0,0,0,3132,616925697,1685580,0,509,0,0,0,0,clumsy-dropchance-0.01,Quest-Pro,BeatSaber,False,False,PopStars-Medium
p2p-wlan0-0,4858931,76659,0,0,0,0,0,26,235784860,156829,0,69,0,0,0,0,clumsy-dropchance-0.01,Quest-Pro,BeatSaber,False,False,PopStars-Medium
wlan0,6069035230,5117780,0,0,0,0,0,3151,619304550,1691659,0,512,0,0,0,0,clumsy-dropchance-0.01,Quest-Pro,BeatSaber,False,False,PopStars-Medium
p2p-wlan0-0,4915195,77741,0,0,0,0,0,26,239049742,158987,0,70,0,0,0,0,clumsy-dropchance-0.01,Quest-Pro,BeatSaber,False,False,PopStars-Medium
wlan0,6072900640,5123348,0,0,0,0,0,3162,620783796,1695515,0,514,0,0,0,0,clumsy-dropchance-0.01,Quest-Pro,BeatSaber,False,False,PopStars-Medium
p2p-wlan0-0,4971459,78823,0,0,0,0,0,26,242327569,161153,0,73,0,0,0,0,clumsy-dropchance-0.01,Quest-Pro,BeatSaber,False,False,PopStars-Medium
wlan0,6077397184,5128353,0,0,0,0,0,3163,622220328,1698971,0,516,0,0,0,0,clumsy-dropchance-0.01,Quest-Pro,BeatSaber,False,False,PopStars-Medium
p2p-wlan0-0,5028271,79916,0,0,0,0,0,26,245625318,163334,0,74,0,0,0,0,clumsy-dropchance-0.01,Quest-Pro,BeatSaber,False,False,PopStars-Medium
wlan0,6084680785,5136773,0,0,0,0,0,3174,624411173,1704730,0,517,0,0,0,0,clumsy-dropchance-0.01,Quest-Pro,BeatSaber,False,False,PopStars-Medium
p2p-wlan0-0,5028299,79917,0,0,0,0,0,26,245625360,163335,0,74,0,0,0,0,clumsy-dropchance-0.01,Quest-Pro,BeatSaber,False,False,PopStars-Medium
wlan0,6089326640,5142169,0,0,0,0,0,3174,625876290,1708580,0,519,0,0,0,0,clumsy-dropchance-0.01,Quest-Pro,BeatSaber,False,False,PopStars-Medium
p2p-wlan0-0,5028299,79917,0,0,0,0,0,26,245625360,163335,0,74,0,0,0,0,clumsy-dropchance-0.01,Quest-Pro,BeatSaber,False,False,PopStars-Medium
wlan0,6092061170,5147280,0,0,0,0,0,3182,627367639,1712714,0,521,0,0,0,0,clumsy-dropchance-0.01,Quest-Pro,BeatSaber,False,False,PopStars-Medium
p2p-wlan0-0,5028715,79925,0,0,0,0,0,26,245626258,163343,0,74,0,0,0,0,clumsy-dropchance-0.01,Quest-Pro,BeatSaber,False,False,PopStars-Medium
wlan0,6093348968,5150602,0,0,0,0,0,3186,628359015,1715546,0,521,0,0,0,0,clumsy-dropchance-0.01,Quest-Pro,BeatSaber,False,False,PopStars-Medium
p2p-wlan0-0,5028715,79925,0,0,0,0,0,26,245626258,163343,0,74,0,0,0,0,clumsy-dropchance-0.01,Quest-Pro,BeatSaber,False,False,PopStars-Medium
wlan0,6094595281,5152509,0,0,0,0,0,3212,628630218,1716902,0,521,0,0,0,0,clumsy-dropchance-0.01,Quest-Pro,BeatSaber,False,False,PopStars-Medium
p2p-wlan0-0,5028715,79925,0,0,0,0,0,26,245626258,163343,0,74,0,0,0,0,clumsy-dropchance-0.01,Quest-Pro,BeatSaber,False,False,PopStars-Medium
wlan0,6095427791,5153628,0,0,0,0,0,3224,628773703,1717783,0,521,0,0,0,0,clumsy-dropchance-0.01,Quest-Pro,BeatSaber,False,False,PopStars-Medium
p2p-wlan0-0,5028715,79925,0,0,0,0,0,26,245626258,163343,0,74,0,0,0,0,clumsy-dropchance-0.01,Quest-Pro,BeatSaber,False,False,PopStars-Medium
wlan0,6095854710,5154228,0,0,0,0,0,3224,628854841,1718281,0,521,0,0,0,0,clumsy-dropchance-0.01,Quest-Pro,BeatSaber,False,False,PopStars-Medium
p2p-wlan0-0,5028715,79925,0,0,0,0,0,26,245626258,163343,0,74,0,0,0,0,clumsy-dropchance-0.01,Quest-Pro,BeatSaber,False,False,PopStars-Medium
wlan0,6096287038,5154848,0,0,0,0,0,3224,628939024,1718789,0,521,0,0,0,0,clumsy-dropchance-0.01,Quest-Pro,BeatSaber,False,False,PopStars-Medium
p2p-wlan0-0,5028715,79925,0,0,0,0,0,26,245626258,163343,0,74,0,0,0,0,clumsy-dropchance-0.01,Quest-Pro,BeatSaber,False,False,PopStars-Medium
wlan0,6097249634,5156132,0,0,0,0,0,3240,629103857,1719816,0,521,0,0,0,0,clumsy-dropchance-0.01,Quest-Pro,BeatSaber,False,False,PopStars-Medium
p2p-wlan0-0,5142943,82118,0,0,0,0,0,26,252236585,167712,0,76,0,0,0,0,clumsy-dropchance-0.01,Quest-Pro,BeatSaber,False,False,PopStars-Medium
wlan0,6100874160,5162675,0,0,0,0,0,3252,631250401,1724924,0,526,0,0,0,0,clumsy-dropchance-0.01,Quest-Pro,BeatSaber,False,False,PopStars-Medium
p2p-wlan0-0,5200251,83212,0,0,0,0,0,26,255560674,169909,0,77,0,0,0,0,clumsy-dropchance-0.01,Quest-Pro,BeatSaber,False,False,PopStars-Medium
wlan0,6103309835,5166749,0,0,0,0,0,3252,632662825,1728375,0,527,0,0,0,0,clumsy-dropchance-0.01,Quest-Pro,BeatSaber,False,False,PopStars-Medium
p2p-wlan0-0,5200279,83213,0,0,0,0,0,26,255560716,169910,0,77,0,0,0,0,clumsy-dropchance-0.01,Quest-Pro,BeatSaber,False,False,PopStars-Medium
wlan0,6108696587,5174701,0,0,0,0,0,3276,634900430,1734317,0,532,0,0,0,0,clumsy-dropchance-0.01,Quest-Pro,BeatSaber,False,False,PopStars-Medium
p2p-wlan0-0,5231739,83818,0,0,0,0,0,26,257419060,171139,0,77,0,0,0,0,clumsy-dropchance-0.01,Quest-Pro,BeatSaber,False,False,PopStars-Medium
wlan0,6115243912,5182617,0,0,0,0,0,3287,637083274,1739884,0,532,0,0,0,0,clumsy-dropchance-0.01,Quest-Pro,BeatSaber,False,False,PopStars-Medium
p2p-wlan0-0,5231795,83819,0,0,0,0,0,27,257419130,171140,0,77,0,0,0,0,clumsy-dropchance-0.01,Quest-Pro,BeatSaber,False,False,PopStars-Medium
wlan0,6122026710,5190305,0,0,0,0,0,3313,639229285,1745022,0,533,0,0,0,0,clumsy-dropchance-0.01,Quest-Pro,BeatSaber,False,False,PopStars-Medium
p2p-wlan0-0,5263075,84421,0,0,0,0,0,27,259219094,172331,0,77,0,0,0,0,clumsy-dropchance-0.01,Quest-Pro,BeatSaber,False,False,PopStars-Medium
wlan0,6126881659,5196140,0,0,0,0,0,3316,640847495,1749154,0,535,0,0,0,0,clumsy-dropchance-0.01,Quest-Pro,BeatSaber,False,False,PopStars-Medium
p2p-wlan0-0,5263127,84422,0,0,0,0,0,27,259219094,172331,0,77,0,0,0,0,clumsy-dropchance-0.01,Quest-Pro,BeatSaber,False,False,PopStars-Medium
wlan0,6129328838,5198954,0,0,0,0,0,3318,641610721,1751154,0,535,0,0,0,0,clumsy-dropchance-0.01,Quest-Pro,BeatSaber,False,False,PopStars-Medium
p2p-wlan0-0,5263127,84422,0,0,0,0,0,27,259219094,172331,0,77,0,0,0,0,clumsy-dropchance-0.01,Quest-Pro,BeatSaber,False,False,PopStars-Medium
wlan0,6131293843,5200940,0,0,0,0,0,3318,642332601,1752738,0,535,0,0,0,0,clumsy-dropchance-0.01,Quest-Pro,BeatSaber,False,False,PopStars-Medium
p2p-wlan0-0,5321631,85548,0,0,0,0,0,27,262588533,174564,0,77,0,0,0,0,clumsy-dropchance-0.01,Quest-Pro,BeatSaber,False,False,PopStars-Medium
wlan0,6234024324,5311391,0,0,0,0,0,3485,688184851,1834826,0,559,0,0,0,0,clumsy-dropchance-0.01,Quest-Pro,BeatSaber,False,False,PopStars-Medium
p2p-wlan0-0,5321631,85548,0,0,0,0,0,27,262588533,174564,0,77,0,0,0,0,clumsy-dropchance-0.01,Quest-Pro,BeatSaber,False,False,PopStars-Medium
wlan0,6236476203,5313922,0,0,0,0,0,3485,688894816,1836570,0,561,0,0,0,0,clumsy-dropchance-0.01,Quest-Pro,BeatSaber,False,False,PopStars-Medium
p2p-wlan0-0,5321631,85548,0,0,0,0,0,27,262588533,174564,0,77,0,0,0,0,clumsy-dropchance-0.01,Quest-Pro,BeatSaber,False,False,PopStars-Medium
wlan0,6239442940,5317066,0,0,0,0,0,3485,689778412,1838903,0,562,0,0,0,0,clumsy-dropchance-0.01,Quest-Pro,BeatSaber,False,False,PopStars-Medium
p2p-wlan0-0,5321631,85548,0,0,0,0,0,27,262588533,174564,0,77,0,0,0,0,clumsy-dropchance-0.01,Quest-Pro,BeatSaber,False,False,PopStars-Medium
wlan0,6244146495,5322196,0,0,0,0,0,3494,691216583,1842434,0,563,0,0,0,0,clumsy-dropchance-0.01,Quest-Pro,BeatSaber,False,False,PopStars-Medium
p2p-wlan0-0,5321631,85548,0,0,0,0,0,27,262588533,174564,0,77,0,0,0,0,clumsy-dropchance-0.01,Quest-Pro,BeatSaber,False,False,PopStars-Medium
wlan0,6248321598,5326687,0,0,0,0,0,3504,692603073,1845857,0,565,0,0,0,0,clumsy-dropchance-0.01,Quest-Pro,BeatSaber,False,False,PopStars-Medium
p2p-wlan0-0,5321631,85548,0,0,0,0,0,27,262588533,174564,0,77,0,0,0,0,clumsy-dropchance-0.01,Quest-Pro,BeatSaber,False,False,PopStars-Medium
wlan0,6255113066,5333912,0,0,0,0,0,3516,694540898,1850840,0,566,0,0,0,0,clumsy-dropchance-0.01,Quest-Pro,BeatSaber,False,False,PopStars-Medium
p2p-wlan0-0,5321631,85548,0,0,0,0,0,27,262588533,174564,0,77,0,0,0,0,clumsy-dropchance-0.01,Quest-Pro,BeatSaber,False,False,PopStars-Medium
wlan0,6268062580,5347214,0,0,0,0,0,3542,698168206,1859829,0,572,0,0,0,0,clumsy-dropchance-0.01,Quest-Pro,BeatSaber,False,False,PopStars-Medium
p2p-wlan0-0,5351739,86127,0,0,0,0,0,27,264339703,175722,0,77,0,0,0,0,clumsy-dropchance-0.01,Quest-Pro,BeatSaber,False,False,PopStars-Medium
wlan0,6273470186,5353646,0,0,0,0,0,3543,700059644,1864656,0,574,0,0,0,0,clumsy-dropchance-0.01,Quest-Pro,BeatSaber,False,False,PopStars-Medium
p2p-wlan0-0,5351739,86127,0,0,0,0,0,27,264339703,175722,0,77,0,0,0,0,clumsy-dropchance-0.01,Quest-Pro,BeatSaber,False,False,PopStars-Medium
wlan0,6275133068,5356492,0,0,0,0,0,3546,700987997,1867059,0,576,0,0,0,0,clumsy-dropchance-0.01,Quest-Pro,BeatSaber,False,False,PopStars-Medium
p2p-wlan0-0,5351767,86128,0,0,0,0,0,27,264339745,175723,0,77,0,0,0,0,clumsy-dropchance-0.01,Quest-Pro,BeatSaber,False,False,PopStars-Medium
wlan0,6276658518,5359890,0,0,0,0,0,3573,702180152,1870180,0,576,0,0,0,0,clumsy-dropchance-0.01,Quest-Pro,BeatSaber,False,False,PopStars-Medium
p2p-wlan0-0,5351767,86128,0,0,0,0,0,27,264339745,175723,0,77,0,0,0,0,clumsy-dropchance-0.01,Quest-Pro,BeatSaber,False,False,PopStars-Medium
wlan0,6277599226,5361961,0,0,0,0,0,3573,702907142,1872206,0,576,0,0,0,0,clumsy-dropchance-0.01,Quest-Pro,BeatSaber,False,False,PopStars-Medium
p2p-wlan0-0,5351767,86128,0,0,0,0,0,27,264339745,175723,0,77,0,0,0,0,clumsy-dropchance-0.01,Quest-Pro,BeatSaber,False,False,PopStars-Medium
wlan0,6279801460,5365111,0,0,0,0,0,3607,703839999,1874525,0,576,0,0,0,0,clumsy-dropchance-0.01,Quest-Pro,BeatSaber,False,False,PopStars-Medium
p2p-wlan0-0,5351767,86128,0,0,0,0,0,27,264339745,175723,0,77,0,0,0,0,clumsy-dropchance-0.01,Quest-Pro,BeatSaber,False,False,PopStars-Medium
wlan0,6285148959,5371683,0,0,0,0,0,3616,705795195,1879396,0,578,0,0,0,0,clumsy-dropchance-0.01,Quest-Pro,BeatSaber,False,False,PopStars-Medium
p2p-wlan0-0,5351767,86128,0,0,0,0,0,27,264339745,175723,0,77,0,0,0,0,clumsy-dropchance-0.01,Quest-Pro,BeatSaber,False,False,PopStars-Medium
wlan0,6290870175,5379009,0,0,0,0,0,3630,707962758,1884924,0,582,0,0,0,0,clumsy-dropchance-0.01,Quest-Pro,BeatSaber,False,False,PopStars-Medium
p2p-wlan0-0,5351767,86128,0,0,0,0,0,27,264339745,175723,0,77,0,0,0,0,clumsy-dropchance-0.01,Quest-Pro,BeatSaber,False,False,PopStars-Medium
wlan0,6292777122,5381979,0,0,0,0,0,3631,708889687,1887237,0,582,0,0,0,0,clumsy-dropchance-0.01,Quest-Pro,BeatSaber,False,False,PopStars-Medium
p2p-wlan0-0,5351767,86128,0,0,0,0,0,27,264339745,175723,0,77,0,0,0,0,clumsy-dropchance-0.01,Quest-Pro,BeatSaber,False,False,PopStars-Medium
wlan0,6295480707,5386566,0,0,0,0,0,3634,710167097,1890700,0,583,0,0,0,0,clumsy-dropchance-0.01,Quest-Pro,BeatSaber,False,False,PopStars-Medium
p2p-wlan0-0,5351767,86128,0,0,0,0,0,27,264339745,175723,0,77,0,0,0,0,clumsy-dropchance-0.01,Quest-Pro,BeatSaber,False,False,PopStars-Medium
wlan0,6301661241,5394083,0,0,0,0,0,3648,712364790,1896136,0,585,0,0,0,0,clumsy-dropchance-0.01,Quest-Pro,BeatSaber,False,False,PopStars-Medium
p2p-wlan0-0,5351767,86128,0,0,0,0,0,27,264339745,175723,0,77,0,0,0,0,clumsy-dropchance-0.01,Quest-Pro,BeatSaber,False,False,PopStars-Medium
wlan0,6306009523,5399590,0,0,0,0,0,3661,714420181,1900344,0,587,0,0,0,0,clumsy-dropchance-0.01,Quest-Pro,BeatSaber,False,False,PopStars-Medium
p2p-wlan0-0,5351767,86128,0,0,0,0,0,27,264339745,175723,0,77,0,0,0,0,clumsy-dropchance-0.01,Quest-Pro,BeatSaber,False,False,PopStars-Medium
wlan0,6310255906,5404562,0,0,0,0,0,3672,715866992,1903999,0,589,0,0,0,0,clumsy-dropchance-0.01,Quest-Pro,BeatSaber,False,False,PopStars-Medium
p2p-wlan0-0,5351767,86128,0,0,0,0,0,27,264339745,175723,0,77,0,0,0,0,clumsy-dropchance-0.01,Quest-Pro,BeatSaber,False,False,PopStars-Medium
wlan0,6312131894,5407722,0,0,0,0,0,3672,716833386,1906560,0,589,0,0,0,0,clumsy-dropchance-0.01,Quest-Pro,BeatSaber,False,False,PopStars-Medium
p2p-wlan0-0,5383851,86745,0,0,0,0,0,27,266204892,176956,0,79,0,0,0,0,clumsy-dropchance-0.01,Quest-Pro,BeatSaber,False,False,PopStars-Medium
wlan0,6315599503,5411552,0,0,0,0,0,3693,718051146,1909526,0,590,0,0,0,0,clumsy-dropchance-0.01,Quest-Pro,BeatSaber,False,False,PopStars-Medium
p2p-wlan0-0,5383851,86745,0,0,0,0,0,27,266204892,176956,0,79,0,0,0,0,clumsy-dropchance-0.01,Quest-Pro,BeatSaber,False,False,PopStars-Medium
wlan0,6323085705,5419988,0,0,0,0,0,3693,720462166,1915676,0,592,0,0,0,0,clumsy-dropchance-0.01,Quest-Pro,BeatSaber,False,False,PopStars-Medium
p2p-wlan0-0,5383879,86746,0,0,0,0,0,27,266204934,176957,0,79,0,0,0,0,clumsy-dropchance-0.01,Quest-Pro,BeatSaber,False,False,PopStars-Medium
wlan0,6325829365,5424467,0,0,0,0,0,3696,721718773,1919247,0,592,0,0,0,0,clumsy-dropchance-0.01,Quest-Pro,BeatSaber,False,False,PopStars-Medium
p2p-wlan0-0,5383879,86746,0,0,0,0,0,27,266204934,176957,0,79,0,0,0,0,clumsy-dropchance-0.01,Quest-Pro,BeatSaber,False,False,PopStars-Medium
wlan0,6329592308,5429586,0,0,0,0,0,3704,723194955,1923211,0,594,0,0,0,0,clumsy-dropchance-0.01,Quest-Pro,BeatSaber,False,False,PopStars-Medium
p2p-wlan0-0,5383879,86746,0,0,0,0,0,27,266204934,176957,0,79,0,0,0,0,clumsy-dropchance-0.01,Quest-Pro,BeatSaber,False,False,PopStars-Medium
wlan0,6336085670,5436762,0,0,0,0,0,3730,725039130,1928038,0,599,0,0,0,0,clumsy-dropchance-0.01,Quest-Pro,BeatSaber,False,False,PopStars-Medium
p2p-wlan0-0,5383879,86746,0,0,0,0,0,27,266204934,176957,0,79,0,0,0,0,clumsy-dropchance-0.01,Quest-Pro,BeatSaber,False,False,PopStars-Medium
wlan0,6346487580,5448761,0,0,0,0,0,3743,728268937,1936374,0,602,0,0,0,0,clumsy-dropchance-0.01,Quest-Pro,BeatSaber,False,False,PopStars-Medium
p2p-wlan0-0,5383879,86746,0,0,0,0,0,27,266204934,176957,0,79,0,0,0,0,clumsy-dropchance-0.01,Quest-Pro,BeatSaber,False,False,PopStars-Medium
wlan0,6353348661,5457240,0,0,0,0,0,3756,730466231,1942282,0,606,0,0,0,0,clumsy-dropchance-0.01,Quest-Pro,BeatSaber,False,False,PopStars-Medium
p2p-wlan0-0,5383879,86746,0,0,0,0,0,27,266204934,176957,0,79,0,0,0,0,clumsy-dropchance-0.01,Quest-Pro,BeatSaber,False,False,PopStars-Medium
wlan0,6360817830,5465867,0,0,0,0,0,3759,732802935,1948425,0,607,0,0,0,0,clumsy-dropchance-0.01,Quest-Pro,BeatSaber,False,False,PopStars-Medium
p2p-wlan0-0,5383879,86746,0,0,0,0,0,27,266204934,176957,0,79,0,0,0,0,clumsy-dropchance-0.01,Quest-Pro,BeatSaber,False,False,PopStars-Medium
wlan0,6362567024,5467785,0,0,0,0,0,3759,733366193,1949819,0,607,0,0,0,0,clumsy-dropchance-0.01,Quest-Pro,BeatSaber,False,False,PopStars-Medium
p2p-wlan0-0,5383935,86747,0,0,0,0,0,28,266205004,176958,0,79,0,0,0,0,clumsy-dropchance-0.01,Quest-Pro,BeatSaber,False,False,PopStars-Medium
wlan0,6366051451,5473810,0,0,0,0,0,3771,735059581,1954429,0,608,0,0,0,0,clumsy-dropchance-0.01,Quest-Pro,BeatSaber,False,False,PopStars-Medium
p2p-wlan0-0,5383935,86747,0,0,0,0,0,28,266205004,176958,0,79,0,0,0,0,clumsy-dropchance-0.01,Quest-Pro,BeatSaber,False,False,PopStars-Medium
wlan0,6369952008,5478336,0,0,0,0,0,3781,736300821,1957508,0,610,0,0,0,0,clumsy-dropchance-0.01,Quest-Pro,BeatSaber,False,False,PopStars-Medium
p2p-wlan0-0,5383935,86747,0,0,0,0,0,28,266205004,176958,0,79,0,0,0,0,clumsy-dropchance-0.01,Quest-Pro,BeatSaber,False,False,PopStars-Medium
wlan0,6375013092,5484128,0,0,0,0,0,3792,737785544,1961379,0,610,0,0,0,0,clumsy-dropchance-0.01,Quest-Pro,BeatSaber,False,False,PopStars-Medium
p2p-wlan0-0,5383935,86747,0,0,0,0,0,28,266205004,176958,0,79,0,0,0,0,clumsy-dropchance-0.01,Quest-Pro,BeatSaber,False,False,PopStars-Medium
wlan0,6377885707,5487464,0,0,0,0,0,3792,738712860,1963718,0,612,0,0,0,0,clumsy-dropchance-0.01,Quest-Pro,BeatSaber,False,False,PopStars-Medium
p2p-wlan0-0,5383935,86747,0,0,0,0,0,28,266205004,176958,0,79,0,0,0,0,clumsy-dropchance-0.01,Quest-Pro,BeatSaber,False,False,PopStars-Medium
wlan0,6383847776,5494538,0,0,0,0,0,3811,740648789,1968703,0,615,0,0,0,0,clumsy-dropchance-0.01,Quest-Pro,BeatSaber,False,False,PopStars-Medium
p2p-wlan0-0,5383935,86747,0,0,0,0,0,28,266205004,176958,0,79,0,0,0,0,clumsy-dropchance-0.01,Quest-Pro,BeatSaber,False,False,PopStars-Medium
wlan0,6387659029,5499911,0,0,0,0,0,3811,742136502,1972772,0,617,0,0,0,0,clumsy-dropchance-0.01,Quest-Pro,BeatSaber,False,False,PopStars-Medium
p2p-wlan0-0,5383935,86747,0,0,0,0,0,28,266205004,176958,0,79,0,0,0,0,clumsy-dropchance-0.01,Quest-Pro,BeatSaber,False,False,PopStars-Medium
wlan0,6397047867,5513171,0,0,0,0,0,3824,745800281,1982467,0,618,0,0,0,0,clumsy-dropchance-0.01,Quest-Pro,BeatSaber,False,False,PopStars-Medium
p2p-wlan0-0,5383935,86747,0,0,0,0,0,28,266205004,176958,0,79,0,0,0,0,clumsy-dropchance-0.01,Quest-Pro,BeatSaber,False,False,PopStars-Medium
wlan0,6399189516,5518389,0,0,0,0,0,3836,747297676,1986876,0,620,0,0,0,0,clumsy-dropchance-0.01,Quest-Pro,BeatSaber,False,False,PopStars-Medium
p2p-wlan0-0,5383935,86747,0,0,0,0,0,28,266205004,176958,0,79,0,0,0,0,clumsy-dropchance-0.01,Quest-Pro,BeatSaber,False,False,PopStars-Medium
wlan0,6401589606,5523395,0,0,0,0,0,3847,748767553,1990797,0,622,0,0,0,0,clumsy-dropchance-0.01,Quest-Pro,BeatSaber,False,False,PopStars-Medium
p2p-wlan0-0,5383935,86747,0,0,0,0,0,28,266205004,176958,0,79,0,0,0,0,clumsy-dropchance-0.01,Quest-Pro,BeatSaber,False,False,PopStars-Medium
wlan0,6406766730,5529755,0,0,0,0,0,3848,750461424,1995212,0,625,0,0,0,0,clumsy-dropchance-0.01,Quest-Pro,BeatSaber,False,False,PopStars-Medium
p2p-wlan0-0,5383935,86747,0,0,0,0,0,28,266205004,176958,0,79,0,0,0,0,clumsy-dropchance-0.01,Quest-Pro,BeatSaber,False,False,PopStars-Medium
wlan0,6409209503,5533693,0,0,0,0,0,3858,751682108,1998233,0,626,0,0,0,0,clumsy-dropchance-0.01,Quest-Pro,BeatSaber,False,False,PopStars-Medium
p2p-wlan0-0,5383935,86747,0,0,0,0,0,28,266205004,176958,0,79,0,0,0,0,clumsy-dropchance-0.01,Quest-Pro,BeatSaber,False,False,PopStars-Medium
wlan0,6411860110,5538391,0,0,0,0,0,3859,753161055,2002206,0,626,0,0,0,0,clumsy-dropchance-0.01,Quest-Pro,BeatSaber,False,False,PopStars-Medium
p2p-wlan0-0,5383935,86747,0,0,0,0,0,28,266205004,176958,0,79,0,0,0,0,clumsy-dropchance-0.01,Quest-Pro,BeatSaber,False,False,PopStars-Medium
wlan0,6414855919,5545946,0,0,0,0,0,3864,755390592,2008395,0,628,0,0,0,0,clumsy-dropchance-0.01,Quest-Pro,BeatSaber,False,False,PopStars-Medium
p2p-wlan0-0,5383935,86747,0,0,0,0,0,28,266205004,176958,0,79,0,0,0,0,clumsy-dropchance-0.01,Quest-Pro,BeatSaber,False,False,PopStars-Medium
wlan0,6416890526,5550730,0,0,0,0,0,3876,756853233,2012337,0,630,0,0,0,0,clumsy-dropchance-0.01,Quest-Pro,BeatSaber,False,False,PopStars-Medium
p2p-wlan0-0,5384351,86755,0,0,0,0,0,28,266205902,176966,0,79,0,0,0,0,clumsy-dropchance-0.01,Quest-Pro,BeatSaber,False,False,PopStars-Medium
wlan0,6419230872,5556438,0,0,0,0,0,3900,758822665,2017078,0,633,0,0,0,0,clumsy-dropchance-0.01,Quest-Pro,BeatSaber,False,False,PopStars-Medium
p2p-wlan0-0,5384351,86755,0,0,0,0,0,28,266205902,176966,0,79,0,0,0,0,clumsy-dropchance-0.01,Quest-Pro,BeatSaber,False,False,PopStars-Medium
wlan0,6419641876,5557025,0,0,0,0,0,3900,758903475,2017558,0,633,0,0,0,0,clumsy-dropchance-0.01,Quest-Pro,BeatSaber,False,False,PopStars-Medium
p2p-wlan0-0,5384351,86755,0,0,0,0,0,28,266205902,176966,0,79,0,0,0,0,clumsy-dropchance-0.01,Quest-Pro,BeatSaber,False,False,PopStars-Medium
wlan0,6420203808,5557800,0,0,0,0,0,3900,759014123,2018212,0,633,0,0,0,0,clumsy-dropchance-0.01,Quest-Pro,BeatSaber,False,False,PopStars-Medium
p2p-wlan0-0,5384407,86757,0,0,0,0,0,28,266205986,176968,0,79,0,0,0,0,clumsy-dropchance-0.01,Quest-Pro,BeatSaber,False,False,PopStars-Medium
wlan0,6420920494,5558782,0,0,0,0,0,3918,759143554,2019013,0,634,0,0,0,0,clumsy-dropchance-0.01,Quest-Pro,BeatSaber,False,False,PopStars-Medium
p2p-wlan0-0,5384435,86758,0,0,0,0,0,28,266206028,176969,0,79,0,0,0,0,clumsy-dropchance-0.01,Quest-Pro,BeatSaber,False,False,PopStars-Medium
wlan0,6421896701,5560083,0,0,0,0,0,3918,759319628,2020090,0,634,0,0,0,0,clumsy-dropchance-0.01,Quest-Pro,BeatSaber,False,False,PopStars-Medium
p2p-wlan0-0,5384435,86758,0,0,0,0,0,28,266206028,176969,0,79,0,0,0,0,clumsy-dropchance-0.01,Quest-Pro,BeatSaber,False,False,PopStars-Medium
wlan0,6422605663,5561038,0,0,0,0,0,3918,759450473,2020880,0,634,0,0,0,0,clumsy-dropchance-0.01,Quest-Pro,BeatSaber,False,False,PopStars-Medium
p2p-wlan0-0,5460771,88226,0,0,0,0,0,28,270626471,179891,0,80,0,0,0,0,clumsy-dropchance-0.01,Quest-Pro,BeatSaber,False,False,PopStars-Medium
wlan0,6423880766,5562935,0,0,0,0,0,3922,760166965,2022654,0,635,0,0,0,0,clumsy-dropchance-0.01,Quest-Pro,BeatSaber,False,False,PopStars-Medium
p2p-wlan0-0,5465971,88326,0,0,0,0,0,28,270915019,180082,0,80,0,0,0,0,clumsy-dropchance-0.01,Quest-Pro,BeatSaber,False,False,PopStars-Medium
wlan0,6429011593,5568932,0,0,0,0,0,3943,762264819,2027553,0,637,0,0,0,0,clumsy-dropchance-0.01,Quest-Pro,BeatSaber,False,False,PopStars-Medium
p2p-wlan0-0,5465971,88326,0,0,0,0,0,28,270915019,180082,0,80,0,0,0,0,clumsy-dropchance-0.01,Quest-Pro,BeatSaber,False,False,PopStars-Medium
wlan0,6434765617,5574724,0,0,0,0,0,3956,763947807,2031781,0,641,0,0,0,0,clumsy-dropchance-0.01,Quest-Pro,BeatSaber,False,False,PopStars-Medium
p2p-wlan0-0,5465971,88326,0,0,0,0,0,28,270915019,180082,0,80,0,0,0,0,clumsy-dropchance-0.01,Quest-Pro,BeatSaber,False,False,PopStars-Medium
wlan0,6438469549,5578675,0,0,0,0,0,3956,765177188,2034711,0,642,0,0,0,0,clumsy-dropchance-0.01,Quest-Pro,BeatSaber,False,False,PopStars-Medium
p2p-wlan0-0,5465971,88326,0,0,0,0,0,28,270915019,180082,0,80,0,0,0,0,clumsy-dropchance-0.01,Quest-Pro,BeatSaber,False,False,PopStars-Medium
wlan0,6450735844,5592225,0,0,0,0,0,3966,768810597,2043827,0,644,0,0,0,0,clumsy-dropchance-0.01,Quest-Pro,BeatSaber,False,False,PopStars-Medium
p2p-wlan0-0,5465971,88326,0,0,0,0,0,28,270915019,180082,0,80,0,0,0,0,clumsy-dropchance-0.01,Quest-Pro,BeatSaber,False,False,PopStars-Medium
wlan0,6456394902,5598797,0,0,0,0,0,3968,770515563,2048293,0,646,0,0,0,0,clumsy-dropchance-0.01,Quest-Pro,BeatSaber,False,False,PopStars-Medium
p2p-wlan0-0,5465971,88326,0,0,0,0,0,28,270915019,180082,0,80,0,0,0,0,clumsy-dropchance-0.01,Quest-Pro,BeatSaber,False,False,PopStars-Medium
wlan0,6464548853,5608231,0,0,0,0,0,3986,773160818,2054965,0,647,0,0,0,0,clumsy-dropchance-0.01,Quest-Pro,BeatSaber,False,False,PopStars-Medium
p2p-wlan0-0,5465971,88326,0,0,0,0,0,28,270915019,180082,0,80,0,0,0,0,clumsy-dropchance-0.01,Quest-Pro,BeatSaber,False,False,PopStars-Medium
wlan0,6471309797,5616016,0,0,0,0,0,3999,775352874,2060553,0,649,0,0,0,0,clumsy-dropchance-0.01,Quest-Pro,BeatSaber,False,False,PopStars-Medium
p2p-wlan0-0,5465971,88326,0,0,0,0,0,28,270915019,180082,0,80,0,0,0,0,clumsy-dropchance-0.01,Quest-Pro,BeatSaber,False,False,PopStars-Medium
wlan0,6478178755,5623898,0,0,0,0,0,4019,777518837,2066236,0,650,0,0,0,0,clumsy-dropchance-0.01,Quest-Pro,BeatSaber,False,False,PopStars-Medium
p2p-wlan0-0,5465971,88326,0,0,0,0,0,28,270915019,180082,0,80,0,0,0,0,clumsy-dropchance-0.01,Quest-Pro,BeatSaber,False,False,PopStars-Medium
wlan0,6486739988,5633602,0,0,0,0,0,4019,780143125,2072929,0,652,0,0,0,0,clumsy-dropchance-0.01,Quest-Pro,BeatSaber,False,False,PopStars-Medium
p2p-wlan0-0,5465971,88326,0,0,0,0,0,28,270915019,180082,0,80,0,0,0,0,clumsy-dropchance-0.01,Quest-Pro,BeatSaber,False,False,PopStars-Medium
wlan0,6497044939,5645611,0,0,0,0,0,4029,783327516,2081240,0,654,0,0,0,0,clumsy-dropchance-0.01,Quest-Pro,BeatSaber,False,False,PopStars-Medium
p2p-wlan0-0,5465971,88326,0,0,0,0,0,28,270915019,180082,0,80,0,0,0,0,clumsy-dropchance-0.01,Quest-Pro,BeatSaber,False,False,PopStars-Medium
wlan0,6509191594,5659803,0,0,0,0,0,4055,787174514,2091150,0,657,0,0,0,0,clumsy-dropchance-0.01,Quest-Pro,BeatSaber,False,False,PopStars-Medium
p2p-wlan0-0,5465971,88326,0,0,0,0,0,28,270915019,180082,0,80,0,0,0,0,clumsy-dropchance-0.01,Quest-Pro,BeatSaber,False,False,PopStars-Medium
wlan0,6515464130,5666826,0,0,0,0,0,4067,789107485,2095828,0,658,0,0,0,0,clumsy-dropchance-0.01,Quest-Pro,BeatSaber,False,False,PopStars-Medium
p2p-wlan0-0,5465971,88326,0,0,0,0,0,28,270915019,180082,0,80,0,0,0,0,clumsy-dropchance-0.01,Quest-Pro,BeatSaber,False,False,PopStars-Medium
wlan0,6524531647,5677104,0,0,0,0,0,4068,792005961,2102853,0,659,0,0,0,0,clumsy-dropchance-0.01,Quest-Pro,BeatSaber,False,False,PopStars-Medium
p2p-wlan0-0,5465971,88326,0,0,0,0,0,28,270915019,180082,0,80,0,0,0,0,clumsy-dropchance-0.01,Quest-Pro,BeatSaber,False,False,PopStars-Medium
wlan0,6531341951,5684585,0,0,0,0,0,4080,794156379,2108215,0,661,0,0,0,0,clumsy-dropchance-0.01,Quest-Pro,BeatSaber,False,False,PopStars-Medium
p2p-wlan0-0,5465971,88326,0,0,0,0,0,28,270915019,180082,0,80,0,0,0,0,clumsy-dropchance-0.01,Quest-Pro,BeatSaber,False,False,PopStars-Medium
wlan0,6539662969,5694253,0,0,0,0,0,4109,797395840,2115532,0,664,0,0,0,0,clumsy-dropchance-0.01,Quest-Pro,BeatSaber,False,False,PopStars-Medium
p2p-wlan0-0,5465971,88326,0,0,0,0,0,28,270915019,180082,0,80,0,0,0,0,clumsy-dropchance-0.01,Quest-Pro,BeatSaber,False,False,PopStars-Medium
wlan0,6546014453,5701485,0,0,0,0,0,4125,799293179,2120572,0,668,0,0,0,0,clumsy-dropchance-0.01,Quest-Pro,BeatSaber,False,False,PopStars-Medium
p2p-wlan0-0,5465971,88326,0,0,0,0,0,28,270915019,180082,0,80,0,0,0,0,clumsy-dropchance-0.01,Quest-Pro,BeatSaber,False,False,PopStars-Medium
wlan0,6549353777,5705291,0,0,0,0,0,4138,800326356,2123221,0,669,0,0,0,0,clumsy-dropchance-0.01,Quest-Pro,BeatSaber,False,False,PopStars-Medium
p2p-wlan0-0,5465971,88326,0,0,0,0,0,28,270915019,180082,0,80,0,0,0,0,clumsy-dropchance-0.01,Quest-Pro,BeatSaber,False,False,PopStars-Medium
wlan0,6551688018,5707808,0,0,0,0,0,4138,801054400,2125005,0,670,0,0,0,0,clumsy-dropchance-0.01,Quest-Pro,BeatSaber,False,False,PopStars-Medium
p2p-wlan0-0,5465971,88326,0,0,0,0,0,28,270915019,180082,0,80,0,0,0,0,clumsy-dropchance-0.01,Quest-Pro,BeatSaber,False,False,PopStars-Medium
wlan0,6557116460,5713747,0,0,0,0,0,4139,802753094,2129380,0,670,0,0,0,0,clumsy-dropchance-0.01,Quest-Pro,BeatSaber,False,False,PopStars-Medium
p2p-wlan0-0,5515319,89275,0,0,0,0,0,28,273749990,181958,0,82,0,0,0,0,clumsy-dropchance-0.01,Quest-Pro,BeatSaber,False,False,PopStars-Medium
wlan0,6563262021,5721100,0,0,0,0,0,4151,804703316,2134347,0,672,0,0,0,0,clumsy-dropchance-0.01,Quest-Pro,BeatSaber,False,False,PopStars-Medium
p2p-wlan0-0,5515319,89275,0,0,0,0,0,28,273749990,181958,0,82,0,0,0,0,clumsy-dropchance-0.01,Quest-Pro,BeatSaber,False,False,PopStars-Medium
wlan0,6568213677,5726940,0,0,0,0,0,4175,806359093,2138516,0,672,0,0,0,0,clumsy-dropchance-0.01,Quest-Pro,BeatSaber,False,False,PopStars-Medium
p2p-wlan0-0,5515375,89277,0,0,0,0,0,28,273750074,181960,0,82,0,0,0,0,clumsy-dropchance-0.01,Quest-Pro,BeatSaber,False,False,PopStars-Medium
wlan0,6570667145,5729803,0,0,0,0,0,4175,807122563,2140473,0,673,0,0,0,0,clumsy-dropchance-0.01,Quest-Pro,BeatSaber,False,False,PopStars-Medium
p2p-wlan0-0,5515375,89277,0,0,0,0,0,28,273750074,181960,0,82,0,0,0,0,clumsy-dropchance-0.01,Quest-Pro,BeatSaber,False,False,PopStars-Medium
wlan0,6577118789,5737224,0,0,0,0,0,4188,809094874,2145728,0,677,0,0,0,0,clumsy-dropchance-0.01,Quest-Pro,BeatSaber,False,False,PopStars-Medium
p2p-wlan0-0,5515375,89277,0,0,0,0,0,28,273750074,181960,0,82,0,0,0,0,clumsy-dropchance-0.01,Quest-Pro,BeatSaber,False,False,PopStars-Medium
wlan0,6579539646,5739970,0,0,0,0,0,4188,809846562,2147673,0,677,0,0,0,0,clumsy-dropchance-0.01,Quest-Pro,BeatSaber,False,False,PopStars-Medium
p2p-wlan0-0,5515375,89277,0,0,0,0,0,28,273750074,181960,0,82,0,0,0,0,clumsy-dropchance-0.01,Quest-Pro,BeatSaber,False,False,PopStars-Medium
wlan0,6584568265,5745784,0,0,0,0,0,4203,811338075,2151702,0,677,0,0,0,0,clumsy-dropchance-0.01,Quest-Pro,BeatSaber,False,False,PopStars-Medium
p2p-wlan0-0,5515375,89277,0,0,0,0,0,28,273750074,181960,0,82,0,0,0,0,clumsy-dropchance-0.01,Quest-Pro,BeatSaber,False,False,PopStars-Medium
wlan0,6587405070,5749035,0,0,0,0,0,4205,812248727,2153991,0,677,0,0,0,0,clumsy-dropchance-0.01,Quest-Pro,BeatSaber,False,False,PopStars-Medium
p2p-wlan0-0,5515375,89277,0,0,0,0,0,28,273750074,181960,0,82,0,0,0,0,clumsy-dropchance-0.01,Quest-Pro,BeatSaber,False,False,PopStars-Medium
wlan0,6589161994,5751043,0,0,0,0,0,4208,812789052,2155390,0,677,0,0,0,0,clumsy-dropchance-0.01,Quest-Pro,BeatSaber,False,False,PopStars-Medium
p2p-wlan0-0,5515375,89277,0,0,0,0,0,28,273750074,181960,0,82,0,0,0,0,clumsy-dropchance-0.01,Quest-Pro,BeatSaber,False,False,PopStars-Medium
wlan0,6596419609,5759127,0,0,0,0,0,4208,814986379,2160922,0,679,0,0,0,0,clumsy-dropchance-0.01,Quest-Pro,BeatSaber,False,False,PopStars-Medium
p2p-wlan0-0,5515375,89277,0,0,0,0,0,28,273750074,181960,0,82,0,0,0,0,clumsy-dropchance-0.01,Quest-Pro,BeatSaber,False,False,PopStars-Medium
wlan0,6611232775,5776247,0,0,0,0,0,4239,819368361,2172395,0,682,0,0,0,0,clumsy-dropchance-0.01,Quest-Pro,BeatSaber,False,False,PopStars-Medium
p2p-wlan0-0,5515375,89277,0,0,0,0,0,28,273750074,181960,0,82,0,0,0,0,clumsy-dropchance-0.01,Quest-Pro,BeatSaber,False,False,PopStars-Medium
wlan0,6614799986,5780434,0,0,0,0,0,4239,820484518,2175246,0,682,0,0,0,0,clumsy-dropchance-0.01,Quest-Pro,BeatSaber,False,False,PopStars-Medium
p2p-wlan0-0,5515375,89277,0,0,0,0,0,28,273750074,181960,0,82,0,0,0,0,clumsy-dropchance-0.01,Quest-Pro,BeatSaber,False,False,PopStars-Medium
wlan0,6621525024,5788043,0,0,0,0,0,4259,822498078,2180540,0,683,0,0,0,0,clumsy-dropchance-0.01,Quest-Pro,BeatSaber,False,False,PopStars-Medium
p2p-wlan0-0,5515375,89277,0,0,0,0,0,28,273750074,181960,0,82,0,0,0,0,clumsy-dropchance-0.01,Quest-Pro,BeatSaber,False,False,PopStars-Medium
wlan0,6623058667,5789827,0,0,0,0,0,4259,823033074,2181926,0,683,0,0,0,0,clumsy-dropchance-0.01,Quest-Pro,BeatSaber,False,False,PopStars-Medium
p2p-wlan0-0,5515375,89277,0,0,0,0,0,28,273750074,181960,0,82,0,0,0,0,clumsy-dropchance-0.01,Quest-Pro,BeatSaber,False,False,PopStars-Medium
wlan0,6623987009,5791128,0,0,0,0,0,4259,823697877,2183334,0,683,0,0,0,0,clumsy-dropchance-0.01,Quest-Pro,BeatSaber,False,False,PopStars-Medium
p2p-wlan0-0,5569664,89328,0,0,0,0,0,28,273756587,181992,0,82,0,0,0,0,clumsy-dropchance-0.01,Quest-Pro,BeatSaber,False,False,PopStars-Medium
wlan0,6627257767,5799032,0,0,0,0,0,4262,826008457,2189531,0,683,0,0,0,0,clumsy-dropchance-0.01,Quest-Pro,BeatSaber,False,False,PopStars-Medium
p2p-wlan0-0,5569664,89328,0,0,0,0,0,28,273756587,181992,0,82,0,0,0,0,clumsy-dropchance-0.01,Quest-Pro,BeatSaber,False,False,PopStars-Medium
wlan0,6628608306,5802239,0,0,0,0,0,4263,826960757,2192137,0,684,0,0,0,0,clumsy-dropchance-0.01,Quest-Pro,BeatSaber,False,False,PopStars-Medium
p2p-wlan0-0,5569664,89328,0,0,0,0,0,28,273756587,181992,0,82,0,0,0,0,clumsy-dropchance-0.01,Quest-Pro,BeatSaber,False,False,PopStars-Medium
wlan0,6631393643,5806847,0,0,0,0,0,4286,828234535,2195544,0,686,0,0,0,0,clumsy-dropchance-0.01,Quest-Pro,BeatSaber,False,False,PopStars-Medium
p2p-wlan0-0,5569692,89329,0,0,0,0,0,28,273756629,181993,0,82,0,0,0,0,clumsy-dropchance-0.01,Quest-Pro,BeatSaber,False,False,PopStars-Medium
wlan0,6632584762,5809305,0,0,0,0,0,4287,828979431,2197546,0,687,0,0,0,0,clumsy-dropchance-0.01,Quest-Pro,BeatSaber,False,False,PopStars-Medium
p2p-wlan0-0,5569692,89329,0,0,0,0,0,28,273756629,181993,0,82,0,0,0,0,clumsy-dropchance-0.01,Quest-Pro,BeatSaber,False,False,PopStars-Medium
wlan0,6636650489,5817792,0,0,0,0,0,4305,831429284,2204290,0,690,0,0,0,0,clumsy-dropchance-0.01,Quest-Pro,BeatSaber,False,False,PopStars-Medium
p2p-wlan0-0,5569692,89329,0,0,0,0,0,28,273756629,181993,0,82,0,0,0,0,clumsy-dropchance-0.01,Quest-Pro,BeatSaber,False,False,PopStars-Medium
wlan0,6638684453,5822061,0,0,0,0,0,4319,832682763,2207791,0,690,0,0,0,0,clumsy-dropchance-0.01,Quest-Pro,BeatSaber,False,False,PopStars-Medium
p2p-wlan0-0,5569692,89329,0,0,0,0,0,28,273756629,181993,0,82,0,0,0,0,clumsy-dropchance-0.01,Quest-Pro,BeatSaber,False,False,PopStars-Medium
wlan0,6640099775,5824632,0,0,0,0,0,4320,833423724,2209796,0,692,0,0,0,0,clumsy-dropchance-0.01,Quest-Pro,BeatSaber,False,False,PopStars-Medium
p2p-wlan0-0,5569692,89329,0,0,0,0,0,28,273756629,181993,0,82,0,0,0,0,clumsy-dropchance-0.01,Quest-Pro,BeatSaber,False,False,PopStars-Medium
wlan0,6642956357,5829747,0,0,0,0,0,4323,834903913,2213641,0,694,0,0,0,0,clumsy-dropchance-0.01,Quest-Pro,BeatSaber,False,False,PopStars-Medium
p2p-wlan0-0,5569692,89329,0,0,0,0,0,28,273756629,181993,0,82,0,0,0,0,clumsy-dropchance-0.01,Quest-Pro,BeatSaber,False,False,PopStars-Medium
wlan0,6648742114,5839066,0,0,0,0,0,4323,837558005,2220908,0,699,0,0,0,0,clumsy-dropchance-0.01,Quest-Pro,BeatSaber,False,False,PopStars-Medium
p2p-wlan0-0,5569692,89329,0,0,0,0,0,28,273756629,181993,0,82,0,0,0,0,clumsy-dropchance-0.01,Quest-Pro,BeatSaber,False,False,PopStars-Medium
wlan0,6650887116,5843595,0,0,0,0,0,4337,838972270,2224559,0,701,0,0,0,0,clumsy-dropchance-0.01,Quest-Pro,BeatSaber,False,False,PopStars-Medium
p2p-wlan0-0,5569692,89329,0,0,0,0,0,28,273756629,181993,0,82,0,0,0,0,clumsy-dropchance-0.01,Quest-Pro,BeatSaber,False,False,PopStars-Medium
wlan0,6652788042,5847864,0,0,0,0,0,4349,840342342,2228042,0,701,0,0,0,0,clumsy-dropchance-0.01,Quest-Pro,BeatSaber,False,False,PopStars-Medium
p2p-wlan0-0,5569692,89329,0,0,0,0,0,28,273756629,181993,0,82,0,0,0,0,clumsy-dropchance-0.01,Quest-Pro,BeatSaber,False,False,PopStars-Medium
wlan0,6655123566,5852992,0,0,0,0,0,4360,841824883,2232131,0,704,0,0,0,0,clumsy-dropchance-0.01,Quest-Pro,BeatSaber,False,False,PopStars-Medium
p2p-wlan0-0,5569692,89329,0,0,0,0,0,28,273756629,181993,0,82,0,0,0,0,clumsy-dropchance-0.01,Quest-Pro,BeatSaber,False,False,PopStars-Medium
wlan0,6656131916,5855578,0,0,0,0,0,4360,842600439,2234253,0,704,0,0,0,0,clumsy-dropchance-0.01,Quest-Pro,BeatSaber,False,False,PopStars-Medium
p2p-wlan0-0,5569692,89329,0,0,0,0,0,28,273756629,181993,0,82,0,0,0,0,clumsy-dropchance-0.01,Quest-Pro,BeatSaber,False,False,PopStars-Medium
wlan0,6657082434,5857921,0,0,0,0,0,4361,843300321,2236114,0,704,0,0,0,0,clumsy-dropchance-0.01,Quest-Pro,BeatSaber,False,False,PopStars-Medium
p2p-wlan0-0,5569692,89329,0,0,0,0,0,28,273756629,181993,0,82,0,0,0,0,clumsy-dropchance-0.01,Quest-Pro,BeatSaber,False,False,PopStars-Medium
wlan0,6659415163,5863025,0,0,0,0,0,4380,844793963,2240098,0,705,0,0,0,0,clumsy-dropchance-0.01,Quest-Pro,BeatSaber,False,False,PopStars-Medium
p2p-wlan0-0,5584772,89619,0,0,0,0,0,28,274603900,182560,0,83,0,0,0,0,clumsy-dropchance-0.01,Quest-Pro,BeatSaber,False,False,PopStars-Medium
wlan0,6661860698,5868117,0,0,0,0,0,4380,846411502,2244158,0,705,0,0,0,0,clumsy-dropchance-0.01,Quest-Pro,BeatSaber,False,False,PopStars-Medium
p2p-wlan0-0,5599644,89905,0,0,0,0,0,28,275452011,183122,0,83,0,0,0,0,clumsy-dropchance-0.01,Quest-Pro,BeatSaber,False,False,PopStars-Medium
wlan0,6664575823,5871193,0,0,0,0,0,4380,847728522,2246993,0,705,0,0,0,0,clumsy-dropchance-0.01,Quest-Pro,BeatSaber,False,False,PopStars-Medium
p2p-wlan0-0,5614672,90194,0,0,0,0,0,28,276300123,183684,0,83,0,0,0,0,clumsy-dropchance-0.01,Quest-Pro,BeatSaber,False,False,PopStars-Medium
wlan0,6667691601,5873896,0,0,0,0,0,4380,848374564,2248613,0,706,0,0,0,0,clumsy-dropchance-0.01,Quest-Pro,BeatSaber,False,False,PopStars-Medium
p2p-wlan0-0,5625072,90394,0,0,0,0,0,28,276904304,184084,0,83,0,0,0,0,clumsy-dropchance-0.01,Quest-Pro,BeatSaber,False,False,PopStars-Medium
wlan0,6668609111,5877094,0,0,0,0,0,4380,849159356,2250867,0,707,0,0,0,0,clumsy-dropchance-0.01,Quest-Pro,BeatSaber,False,False,PopStars-Medium
p2p-wlan0-0,5659552,91058,0,0,0,0,0,28,278845215,185378,0,83,0,0,0,0,clumsy-dropchance-0.01,Quest-Pro,BeatSaber,False,False,PopStars-Medium
wlan0,6673345019,5887079,0,0,0,0,0,4409,852090185,2258912,0,708,0,0,0,0,clumsy-dropchance-0.01,Quest-Pro,BeatSaber,False,False,PopStars-Medium
p2p-wlan0-0,5659552,91058,0,0,0,0,0,28,278845215,185378,0,83,0,0,0,0,clumsy-dropchance-0.01,Quest-Pro,BeatSaber,False,False,PopStars-Medium
wlan0,6674328947,5888702,0,0,0,0,0,4409,852394006,2260128,0,708,0,0,0,0,clumsy-dropchance-0.01,Quest-Pro,BeatSaber,False,False,PopStars-Medium
p2p-wlan0-0,5659552,91058,0,0,0,0,0,28,278845215,185378,0,83,0,0,0,0,clumsy-dropchance-0.01,Quest-Pro,BeatSaber,False,False,PopStars-Medium
wlan0,6675184364,5889848,0,0,0,0,0,4420,852546227,2261044,0,708,0,0,0,0,clumsy-dropchance-0.01,Quest-Pro,BeatSaber,False,False,PopStars-Medium
p2p-wlan0-0,5689452,91633,0,0,0,0,0,28,280541438,186502,0,83,0,0,0,0,clumsy-dropchance-0.01,Quest-Pro,BeatSaber,False,False,PopStars-Medium
wlan0,6681319243,5896795,0,0,0,0,0,4420,854370810,2266166,0,711,0,0,0,0,clumsy-dropchance-0.01,Quest-Pro,BeatSaber,False,False,PopStars-Medium
p2p-wlan0-0,5719196,92205,0,0,0,0,0,28,282237661,187626,0,83,0,0,0,0,clumsy-dropchance-0.01,Quest-Pro,BeatSaber,False,False,PopStars-Medium
wlan0,6685725621,5901838,0,0,0,0,0,4420,855812493,2269691,0,711,0,0,0,0,clumsy-dropchance-0.01,Quest-Pro,BeatSaber,False,False,PopStars-Medium
p2p-wlan0-0,5719224,92206,0,0,0,0,0,28,282237703,187627,0,83,0,0,0,0,clumsy-dropchance-0.01,Quest-Pro,BeatSaber,False,False,PopStars-Medium
wlan0,6688099830,5904638,0,0,0,0,0,4420,856774298,2271684,0,711,0,0,0,0,clumsy-dropchance-0.01,Quest-Pro,BeatSaber,False,False,PopStars-Medium
